,Real targets,pred targets
0,8823,8823
1,23154,23154
2,24951,24951
3,95798,95798
4,6393,6393
5,97028,97028
6,81507,81507
7,94703,94703
8,81417,81417
9,25780,25782
10,34636,34636
11,3908,3908
12,16164,16164
13,11126,11126
14,63398,63398
15,81031,81031
16,6316,63161
17,76328,76328
18,47924,47924
19,81229,81229
20,43368,43368
21,41134,41134
22,79778,79778
23,57497,57497
24,85130,85130
25,29454,18604
26,50929,50929
27,78630,6271
28,79708,79708
29,1241,1241
30,22688,22688
31,84557,84557
32,46190,46090
33,29784,29784
34,64082,64575
35,64009,64009
36,20895,20895
37,61261,61261
38,84447,84454
39,58586,58586
40,82890,82890
41,76353,76353
42,23820,23820
43,76380,76380
44,62169,62169
45,64897,64897
46,72604,43205
47,92046,92046
48,88336,88336
49,21582,21582
50,90234,90234
51,78716,78716
52,41494,41494
53,46456,46456
54,54976,54976
55,47640,47640
56,88356,88356
57,18293,18293
58,13095,13095
59,85595,85595
60,9130,9130
61,53235,53235
62,57558,57558
63,52126,52126
64,68776,68776
65,51684,51684
66,75466,715066
67,51400,51400
68,5203,5203
69,45946,45946
70,95468,94698
71,52194,52194
72,70812,70812
73,46568,46568
74,34197,34197
75,36495,36495
76,85352,85352
77,73308,73308
78,72223,72223
79,55791,93678
80,85146,85146
81,73498,73498
82,23730,23730
83,76838,76838
84,58001,58001
85,71354,71354
86,92862,92862
87,52692,52692
88,76206,17043
89,64385,64385
90,60722,60722
91,1989,1989
92,55701,55701
93,33381,33481
94,63748,63748
95,6087,6087
96,2726,2726
97,87240,87240
98,91799,91799
99,92637,20169
100,72483,72483
101,45218,45218
102,96628,96628
103,80029,80029
104,73213,73213
105,56462,56462
106,57803,57803
107,27410,27410
108,37785,37785
109,27741,34030
110,11915,11915
111,42494,42494
112,20310,20310
113,64613,64613
114,54993,54993
115,25308,25308
116,13347,13347
117,58029,58029
118,56217,56217
119,43855,26674
120,68008,68008
121,62900,62900
122,51656,51656
123,52733,52733
124,79767,79767
125,15814,15814
126,79197,79197
127,55627,55627
128,15248,15248
129,91031,91031
130,90492,90492
131,85944,85944
132,36533,36533
133,30152,30152
134,67184,67184
135,9250,16265
136,27397,67595
137,13521,13521
138,69467,69467
139,50090,50090
140,76768,78015
141,50466,50466
142,30313,30313
143,96450,96450
144,50655,50655
145,55547,55547
146,81274,81274
147,10662,10662
148,42025,42025
149,38409,38409
150,63579,6357
151,19076,19076
152,20181,21181
153,94691,94691
154,45357,45357
155,18643,18643
156,92451,92451
157,49336,49336
158,69432,69432
159,37296,37296
160,13846,13846
161,85430,85430
162,19492,19492
163,17531,17531
164,1269,1269
165,3570,3270
166,9115,9118
167,24892,28999
168,48769,48769
169,56077,56077
170,36393,36393
171,20582,20582
172,24873,24873
173,17939,17939
174,43935,4386
175,67477,67477
176,57185,57185
177,67653,67653
178,23415,23415
179,8124,8124
180,53546,53546
181,99083,99083
182,33675,33675
183,50846,50846
184,98977,98977
185,56173,56173
186,79517,79517
187,90059,90059
188,15180,15180
189,70437,89101
190,63,6389
191,36160,36160
192,49041,49041
193,87339,87339
194,51791,51791
195,15245,15245
196,59080,59080
197,73083,38183
198,47400,47400
199,77617,77617
200,20913,20913
201,69701,69701
202,5862,5862
203,53773,53773
204,24962,24962
205,52209,52209
206,26521,26521
207,36670,36670
208,3830,3830
209,23910,23910
210,90716,90716
211,96713,96713
212,68926,68926
213,48876,48876
214,12627,12627
215,1339,1339
216,22455,22455
217,46725,46725
218,37114,37114
219,9687,9687
220,77753,77753
221,36966,36966
222,17062,17062
223,75798,75798
224,83888,83888
225,63513,63513
226,20210,20210
227,44674,44674
228,50234,50234
229,70186,70186
230,92900,92400
231,79901,92901
232,18181,18181
233,57115,57115
234,4692,4692
235,90000,90000
236,39985,39985
237,10856,10856
238,96708,96708
239,42265,42265
240,65722,65722
241,29748,29748
242,12322,12322
243,63714,63714
244,94535,94535
245,86870,86870
246,87497,87497
247,33937,33937
248,34175,34175
249,15280,15280
250,8932,13546
251,28777,28777
252,46932,46932
253,83949,83949
254,10298,10298
255,49028,49028
256,46726,46726
257,75179,75179
258,81356,81356
259,75290,75290
260,40944,83580
261,91503,91503
262,51590,51590
263,98008,98008
264,42482,42482
265,69684,69684
266,65045,65095
267,20395,20395
268,90776,90776
269,24830,24830
270,35293,35293
271,91200,91200
272,61234,61234
273,10334,10334
274,54474,54474
275,55490,55490
276,88644,88644
277,79238,79238
278,41935,93807
279,7255,7255
280,96095,96095
281,36053,36055
282,51792,51792
283,97556,97556
284,81262,81262
285,35699,35699
286,53773,53773
287,28920,28920
288,43687,43687
289,62993,62993
290,90706,90706
291,19234,19234
292,65212,65212
293,29673,29673
294,29035,29045
295,42983,42983
296,24774,24774
297,83654,46498
298,44056,44056
299,77061,77061
300,32730,32730
301,82340,82340
302,23902,23902
303,92663,92663
304,50650,50650
305,47378,47378
306,10616,10616
307,82702,82702
308,94377,94377
309,34468,34468
310,39257,39257
311,40019,4001
312,37924,37924
313,3093,3093
314,83156,83156
315,96740,96740
316,82664,82664
317,34421,34421
318,57544,57544
319,25715,25715
320,39057,39057
321,97702,97702
322,80324,80324
323,85559,85559
324,31204,31204
325,73741,73741
326,24864,24864
327,93858,93858
328,92157,92157
329,80949,80949
330,11366,11366
331,97773,97773
332,61798,61798
333,55204,28454
334,13077,13077
335,30695,30695
336,95845,95845
337,75990,75990
338,84583,84583
339,47394,47394
340,50935,50935
341,39092,39092
342,50390,50390
343,50067,50067
344,67688,67688
345,63055,63055
346,18623,18623
347,64175,64176
348,57,571
349,58185,58185
350,7513,29504
351,37340,37340
352,39120,39120
353,62319,62319
354,59503,59503
355,62398,97798
356,52489,52489
357,81844,81844
358,7718,7718
359,76125,76125
360,35670,35670
361,24166,24166
362,20132,20123
363,69600,69600
364,79861,79861
365,41012,41012
366,90445,90445
367,37783,37783
368,97512,30670
369,75484,75484
370,19729,19729
371,6316,63865
372,18332,18332
373,58020,58020
374,78024,78024
375,50807,50807
376,56170,56170
377,62720,62720
378,54511,54511
379,88049,88049
380,63064,63064
381,2470,2470
382,76016,76016
383,61797,61797
384,50049,50049
385,78658,78658
386,16451,16451
387,67680,67680
388,38922,38922
389,12333,12333
390,19893,19893
391,66439,66439
392,14383,14383
393,7071,7071
394,8015,8015
395,87680,87680
396,66894,1060
397,31376,31378
398,97477,97477
399,91638,91638
400,3655,3655
401,40483,40483
402,55678,55678
403,45218,32545
404,11291,11291
405,26116,26116
406,32514,32514
407,21205,21205
408,31987,31987
409,38525,38525
410,40820,40820
411,55359,55359
412,9061,9061
413,96080,96080
414,5181,80026
415,81136,85136
416,490,4906
417,38948,38948
418,69163,69163
419,36169,36169
420,51908,51908
421,17364,17364
422,42599,42599
423,34284,34284
424,17001,17001
425,49111,64111
426,13595,13595
427,59690,59690
428,44627,44627
429,89412,80506
430,93092,93092
431,4013,4013
432,32412,32412
433,95478,95478
434,6576,6576
435,35224,35224
436,93911,93911
437,23078,23078
438,38793,7058
439,50367,50367
440,26758,26758
441,22220,43967
442,79451,79451
443,46160,46160
444,60173,60173
445,69320,69320
446,56069,56069
447,8059,8059
448,95219,95219
449,58694,58694
450,8214,8214
451,71864,71864
452,90284,90284
453,77018,77018
454,25051,25051
455,54198,54198
456,22414,22414
457,76944,76944
458,85388,85388
459,2618,2618
460,69959,69959
461,6055,6055
462,46101,4292
463,76915,47219
464,84928,84928
465,48031,48031
466,33154,33515
467,78658,78658
468,76347,76847
469,67326,67326
470,57422,57422
471,75795,75795
472,67628,67628
473,18331,18331
474,53139,53139
475,42748,42748
476,13431,13431
477,37508,37508
478,46213,46213
479,82099,82099
480,3652,3652
481,85395,85395
482,63006,63006
483,51211,51211
484,42336,42336
485,65429,65429
486,40675,40675
487,27396,27396
488,24904,24904
489,86989,86998
490,76942,76942
491,23931,23931
492,86989,86989
493,31832,31832
494,51836,51836
495,43320,43320
496,71524,71524
497,78319,78319
498,17815,17815
499,67043,67043
500,82938,82938
501,32466,85262
502,30485,30485
503,12967,12967
504,70336,70336
505,58987,58987
506,23587,23587
507,22897,67452
508,64062,64062
509,82243,82243
510,16036,16036
511,22472,22472
512,89302,89302
513,89369,89369
514,99388,99388
515,58031,58031
516,40211,40218
517,66136,66136
518,8460,8460
519,14188,14188
520,3699,16396
521,89651,89651
522,31557,31575
523,78356,78356
524,59168,59168
525,24278,24278
526,96978,53335
527,60959,60959
528,73200,73200
529,83805,83805
530,22019,22019
531,10070,10070
532,29305,29305
533,46629,46629
534,3280,3280
535,13420,13420
536,11997,11997
537,39408,39408
538,84992,84992
539,35948,35748
540,82869,92869
541,59254,59254
542,81341,81341
543,82630,82630
544,53634,53634
545,97107,97107
546,97647,97647
547,59666,59666
548,24316,24316
549,39302,39302
550,66727,64118
551,14612,14612
552,67126,67126
553,26494,26494
554,70293,70293
555,18624,18624
556,82702,82722
557,75733,75733
558,5217,5217
559,95816,95816
560,70166,70166
561,57285,57282
562,97157,8487
563,11893,11893
564,86612,86612
565,36174,36174
566,69653,69653
567,4429,4429
568,66994,66994
569,11637,11637
570,24338,24338
571,50958,50958
572,90712,90712
573,24671,24671
574,80116,80116
575,54034,54334
576,17264,17264
577,94322,94322
578,30359,30359
579,82322,82322
580,38269,38269
581,85271,85271
582,89477,89477
583,47084,47084
584,46376,46376
585,76537,76537
586,84879,84879
587,46575,46575
588,98862,98862
589,15623,15623
590,21680,21680
591,2927,2927
592,73222,73222
593,18440,18440
594,67718,67718
595,89130,89130
596,39667,39667
597,42941,42941
598,47173,47173
599,29941,29941
600,11927,11927
601,51875,54312
602,62552,95738
603,97675,97675
604,83268,83286
605,75945,75945
606,62786,62786
607,36678,36678
608,70442,70482
609,94105,94105
610,42819,42819
611,18567,18567
612,99857,99877
613,65165,65165
614,29009,29009
615,26447,26447
616,96653,96653
617,98135,98135
618,16512,16512
619,35699,35699
620,46906,46906
621,65944,65944
622,62181,62181
623,38304,38304
624,39347,39347
625,28801,28801
626,47990,6599
627,54154,54154
628,81697,81697
629,20866,20866
630,86305,86305
631,48830,48830
632,12034,12034
633,92579,92579
634,40700,40700
635,2019,2019
636,50532,50532
637,43310,43310
638,98243,93608
639,33584,33584
640,4481,4481
641,53873,27559
642,87039,87039
643,76284,76284
644,47503,47503
645,15740,15740
646,22668,22668
647,53581,53581
648,37135,37135
649,82322,51729
650,73976,73976
651,35611,35611
652,56273,56273
653,29666,29666
654,99089,99089
655,63530,4207
656,14923,14923
657,8362,8362
658,19395,19395
659,16201,16201
660,1675,1675
661,95169,95167
662,16434,16434
663,89598,89598
664,73875,73875
665,5495,5495
666,70898,70898
667,40830,40830
668,89594,29589
669,93813,93813
670,31016,31016
671,27940,27940
672,86884,86884
673,78732,78732
674,51339,51339
675,69061,69061
676,54691,54691
677,43362,43362
678,35751,35751
679,59042,59042
680,27823,27823
681,64161,64161
682,53055,69006
683,61541,61541
684,69975,73975
685,89302,89302
686,86718,86718
687,74140,74140
688,88993,88993
689,80552,80552
690,27278,27278
691,40555,51157
692,96203,96203
693,16483,16483
694,47204,47204
695,45629,76054
696,70323,70323
697,80217,80217
698,51153,51153
699,31826,31826
700,18475,18475
701,94019,94019
702,7885,7885
703,70826,70826
704,3275,3275
705,95616,95616
706,21348,21348
707,84827,84827
708,6935,6935
709,19897,19897
710,38296,38296
711,72408,72408
712,48454,48454
713,36937,36937
714,59492,97130
715,59390,11942
716,43472,43472
717,48354,53436
718,56286,56286
719,71088,22321
720,84833,84833
721,84030,84030
722,59657,59657
723,20050,20050
724,16451,16451
725,1531,1531
726,45735,45735
727,54054,54054
728,17389,17389
729,94816,94816
730,87119,87119
731,76100,76100
732,49443,49443
733,43694,43694
734,13092,13092
735,38499,38499
736,60915,60915
737,77210,77210
738,35395,35395
739,31546,31546
740,96909,96909
741,86100,86100
742,27019,27019
743,48641,48641
744,85336,85336
745,77927,77927
746,15903,15903
747,4032,4023
748,13210,73240
749,96155,96155
750,61903,61908
751,63146,63146
752,63709,63709
753,68708,68708
754,74162,74162
755,48991,48991
756,3445,3445
757,39461,39461
758,82830,82830
759,51077,51077
760,10149,14149
761,31695,31695
762,33283,33219
763,36092,36092
764,26708,26708
765,48676,48676
766,97287,97287
767,23109,23109
768,42314,42314
769,4356,4356
770,88158,88158
771,16682,16682
772,20128,20128
773,59872,59872
774,46006,46006
775,66771,66771
776,35084,35084
777,90807,90807
778,97757,97757
779,55762,55762
780,51496,51496
781,49242,49242
782,32145,42725
783,96018,96472
784,75314,75384
785,38736,38736
786,51422,51422
787,94384,94384
788,38001,38001
789,73272,73272
790,80400,80400
791,3890,3890
792,53022,53022
793,89488,89488
794,11570,11570
795,66585,66585
796,1356,1356
797,41757,92481
798,31609,31609
799,14629,14629
800,93015,93015
801,94290,94290
802,53917,53917
803,45369,45369
804,86272,86272
805,13003,13003
806,30652,1537
807,88999,88999
808,7314,7314
809,78083,78083
810,87011,87011
811,31904,21904
812,96958,96958
813,69605,69605
814,11653,11653
815,63066,63066
816,31542,31542
817,74893,74893
818,78036,78036
819,42891,42891
820,4656,93703
821,36511,36511
822,53483,53483
823,4499,4499
824,34810,34810
825,10909,10909
826,77921,77921
827,34810,34810
828,10835,10835
829,39484,39484
830,42029,42029
831,26389,26389
832,49032,25116
833,45943,45943
834,12165,12165
835,73053,73053
836,98332,98332
837,40525,40525
838,30935,30935
839,33323,33323
840,98852,90852
841,51324,51324
842,77515,77515
843,78319,78319
844,93459,93459
845,25657,25657
846,9602,9602
847,52296,52296
848,71138,71138
849,1781,1781
850,41989,41989
851,8579,8579
852,34306,34306
853,20937,20937
854,46714,46714
855,84072,84072
856,57064,57064
857,67738,88738
858,52091,52091
859,67599,67599
860,85199,51585
861,11919,9154
862,62042,62042
863,90285,90285
864,78358,78358
865,27538,27538
866,81401,81402
867,8950,8950
868,2456,2456
869,18720,18720
870,19848,19848
871,84629,84629
872,83612,83612
873,40939,40939
874,57778,21602
875,63888,63888
876,13982,13982
877,48869,48869
878,82207,82207
879,77902,77902
880,7429,7429
881,10331,10331
882,19764,19764
883,73964,73964
884,8431,8431
885,72755,72755
886,98276,8805
887,24425,24425
888,93955,93955
889,18387,18387
890,53465,53465
891,59553,59553
892,88081,88081
893,38256,38256
894,94095,94095
895,29417,29417
896,86271,86271
897,38671,38671
898,49460,35633
899,65764,65764
900,62838,62838
901,72496,72496
902,18685,18685
903,98839,98839
904,56217,56217
905,79926,79926
906,88181,88181
907,97797,97797
908,79441,79441
909,93910,93910
910,1051,1051
911,79357,79357
912,95489,95489
913,84797,84797
914,30878,30878
915,23428,23428
916,42038,42038
917,68980,68980
918,9876,9876
919,83038,83038
920,74984,74984
921,29567,29567
922,43455,43455
923,80977,80977
924,46558,46558
925,35368,35368
926,4947,4947
927,28888,28888
928,84169,84169
929,47909,47909
930,90793,90793
931,73015,73015
932,20520,20520
933,19308,19308
934,88927,88927
935,30145,30145
936,68995,13790
937,69379,69379
938,58322,57322
939,89463,89463
940,8794,8794
941,8644,8644
942,50726,50726
943,39482,39482
944,46804,46804
945,87640,87640
946,76659,76659
947,66059,66059
948,15335,15335
949,86631,83631
950,58079,58079
951,68095,68095
952,33644,3367
953,3772,3772
954,26929,26929
955,71087,71087
956,78446,78446
957,8142,8142
958,52504,52504
959,1101,1101
960,17568,12568
961,74879,74879
962,76882,76882
963,82916,82916
964,30960,30960
965,40322,40322
966,41448,41448
967,17472,17472
968,82,82
969,93505,93505
970,84232,84232
971,89715,89715
972,61740,30398
973,90876,90876
974,44050,44050
975,29021,29021
976,39414,39414
977,91704,91704
978,96478,96478
979,44509,43112
980,32412,32412
981,25456,25456
982,4664,4664
983,27975,27975
984,37537,37537
985,14648,14648
986,25441,11373
987,76277,76277
988,31007,31007
989,29284,29284
990,68037,68037
991,79125,79125
992,76825,76825
993,4026,4026
994,67603,67603
995,30457,30457
996,62984,62984
997,95712,95712
998,80355,80355
999,73639,73639
1000,67020,67020
1001,40166,40166
1002,10749,10749
1003,86755,86755
1004,62791,62791
1005,88432,53204
1006,74137,74137
1007,5811,5811
1008,32075,32075
1009,89471,89471
1010,80522,80522
1011,63924,63924
1012,18685,18685
1013,93777,93777
1014,36394,3639
1015,2462,2462
1016,89406,89406
1017,69470,69470
1018,47493,47493
1019,80355,80355
1020,5021,5021
1021,49974,49974
1022,69516,69516
1023,69959,69959
1024,93101,93101
1025,50040,50040
1026,80696,80696
1027,98036,98036
1028,90925,90925
1029,47324,47324
1030,53063,53963
1031,67485,67485
1032,12392,12322
1033,48928,48928
1034,27124,27124
1035,78935,78935
1036,61594,61595
1037,33650,33650
1038,18775,18775
1039,76754,96754
1040,25004,25004
1041,93542,93542
1042,28138,28138
1043,63774,63774
1044,7228,7228
1045,98296,98296
1046,749,7497
1047,29184,29184
1048,78665,19921
1049,82622,91094
1050,71413,71413
1051,38065,38065
1052,33219,33219
1053,39682,39682
1054,70047,70047
1055,94086,94086
1056,81815,81815
1057,32060,32060
1058,82738,82738
1059,33609,48911
1060,62549,62549
1061,16554,16554
1062,8921,8921
1063,87821,87821
1064,49542,49542
1065,49853,49853
1066,10243,10243
1067,98236,98236
1068,69981,69981
1069,84431,84431
1070,86364,86364
1071,10696,10696
1072,71354,71354
1073,36492,36492
1074,22744,22744
1075,59723,59723
1076,0,7
1077,72887,72887
1078,41800,41800
1079,86052,1429
1080,54959,54959
1081,86605,86605
1082,88485,88485
1083,49594,49594
1084,40411,40411
1085,80891,74819
1086,66799,66799
1087,71258,71258
1088,84497,84497
1089,40227,40227
1090,52162,52162
1091,7898,7898
1092,59745,55910
1093,85251,85251
1094,7387,7387
1095,28548,28548
1096,4282,42827
1097,84166,84166
1098,72335,72335
1099,59322,59322
1100,64183,64183
1101,63758,63758
1102,44141,44141
1103,612,612
1104,27059,27059
1105,89195,89195
1106,73122,73122
1107,27583,27583
1108,22650,22650
1109,86943,86943
1110,44262,44262
1111,27827,27827
1112,16731,16781
1113,16017,16017
1114,98606,98606
1115,96274,96274
1116,36416,36416
1117,58068,58068
1118,20534,20534
1119,38078,38078
1120,41420,41420
1121,39564,39564
1122,17371,68377
1123,92462,92462
1124,36944,36944
1125,23230,23230
1126,28857,28857
1127,80736,80736
1128,63527,63527
1129,20022,20022
1130,34359,34359
1131,7108,7108
1132,98938,98938
1133,54938,54938
1134,55172,55172
1135,80731,80731
1136,31426,31426
1137,14845,14845
1138,86507,86507
1139,44665,44665
1140,87743,87743
1141,33414,33414
1142,7380,7380
1143,94444,94919
1144,37850,37850
1145,10923,10923
1146,36703,36703
1147,13849,13849
1148,52652,73239
1149,87921,87921
1150,99106,99106
1151,82138,82138
1152,51972,51972
1153,58420,58420
1154,69529,69529
1155,85934,85934
1156,54478,54478
1157,89958,89958
1158,55176,55176
1159,8979,8979
1160,7166,7166
1161,95302,95302
1162,90717,90717
1163,6001,6001
1164,56127,56127
1165,43906,43906
1166,70826,70826
1167,10860,10860
1168,83816,83816
1169,21818,21818
1170,12889,12889
1171,32260,32260
1172,3392,3392
1173,7443,7443
1174,62261,54386
1175,19192,19192
1176,85490,85490
1177,23808,41375
1178,50567,50567
1179,32414,32414
1180,67599,67599
1181,95576,95576
1182,54012,54012
1183,6402,6402
1184,34002,34002
1185,30067,30067
1186,1448,1448
1187,46568,16678
1188,26687,26687
1189,72529,72529
1190,43590,43590
1191,82562,39252
1192,57183,57183
1193,23742,23742
1194,81195,95898
1195,66076,66076
1196,39997,39997
1197,22329,22329
1198,35617,35617
1199,94136,56493
1200,29021,29021
1201,45754,45754
1202,3504,90461
1203,57083,57083
1204,72108,72108
1205,31846,31846
1206,5928,5928
1207,15069,15069
1208,22365,22365
1209,61796,61796
1210,65031,65031
1211,65443,65443
1212,448,448
1213,19165,19165
1214,33345,51585
1215,77355,77342
1216,91180,91180
1217,4453,4453
1218,71696,71696
1219,19854,19854
1220,3613,3613
1221,81642,81642
1222,24574,24574
1223,71035,71035
1224,15245,15245
1225,26855,26855
1226,85546,85546
1227,43938,43938
1228,20219,20219
1229,32105,32105
1230,44631,44631
1231,84611,84611
1232,79495,79495
1233,59102,59102
1234,5021,5021
1235,77233,77233
1236,68046,68046
1237,53841,53841
1238,66018,66018
1239,43937,43937
1240,86809,86809
1241,30141,30141
1242,33609,33609
1243,97321,97321
1244,69986,69986
1245,60429,60429
1246,93733,93733
1247,91453,91453
1248,39920,39920
1249,92069,92069
1250,65920,65920
1251,44384,44384
1252,85255,85255
1253,60650,60650
1254,81408,93987
1255,78440,78440
1256,95289,95289
1257,16593,16593
1258,20121,20121
1259,2569,75621
1260,7034,7034
1261,25851,25851
1262,11882,11882
1263,79522,79522
1264,17836,17836
1265,82778,82778
1266,41015,41015
1267,85227,85227
1268,89074,89074
1269,56931,56931
1270,40683,40683
1271,30136,30136
1272,48928,48928
1273,90437,90437
1274,12467,12778
1275,65016,65016
1276,12147,12174
1277,25358,25358
1278,13579,13579
1279,16067,16067
1280,76634,76634
1281,29384,83271
1282,36861,23264
1283,2696,2696
1284,81973,81973
1285,65381,65381
1286,52364,52364
1287,82892,82892
1288,10501,10501
1289,59267,59267
1290,9948,9948
1291,17865,17865
1292,1196,1196
1293,5845,5845
1294,66545,66545
1295,76517,76517
1296,73741,73741
1297,24172,24172
1298,15679,15679
1299,89048,46035
1300,93526,93526
1301,82044,82044
1302,43530,43300
1303,68621,68621
1304,43980,50632
1305,59312,59312
1306,85795,85795
1307,32680,32680
1308,92418,92418
1309,16646,16646
1310,53546,53546
1311,54436,54436
1312,73792,73792
1313,15494,15494
1314,86501,86501
1315,29123,29123
1316,86631,86631
1317,39396,39396
1318,77119,77119
1319,58596,58596
1320,78825,78825
1321,91058,91054
1322,27889,27889
1323,61596,61596
1324,29205,29205
1325,89725,89725
1326,7959,30376
1327,89410,89410
1328,58607,58607
1329,3666,3666
1330,29898,29898
1331,65500,65000
1332,69424,69424
1333,58144,58144
1334,43479,43479
1335,9933,9933
1336,16680,16680
1337,98237,98237
1338,52333,52333
1339,51418,51418
1340,28417,28417
1341,47935,47935
1342,69320,69320
1343,81522,41420
1344,28987,28987
1345,46748,46748
1346,72226,72226
1347,55938,55938
1348,58685,58685
1349,98189,98189
1350,64432,64432
1351,26833,26833
1352,8730,8730
1353,87482,87482
1354,99540,99540
1355,85346,85346
1356,40871,40871
1357,77151,77151
1358,17804,71636
1359,99001,9156
1360,23897,23897
1361,55596,55596
1362,35545,32652
1363,33216,33216
1364,80730,80730
1365,52003,52003
1366,31376,31376
1367,85368,85368
1368,53133,53133
1369,7450,7450
1370,43098,43098
1371,77275,77275
1372,31731,31731
1373,36003,36003
1374,93479,93479
1375,49081,49081
1376,64357,64357
1377,27855,27855
1378,19504,19504
1379,96018,96018
1380,16904,16904
1381,19464,19464
1382,96617,96617
1383,45610,45610
1384,49201,49201
1385,12529,12529
1386,3683,3683
1387,9231,9231
1388,15474,15474
1389,96760,96760
1390,38526,38526
1391,20798,20798
1392,13474,13474
1393,68714,68714
1394,89395,89395
1395,48454,48454
1396,99183,99183
1397,80522,27381
1398,57214,57214
1399,81608,81608
1400,33056,33056
1401,3581,3581
1402,22030,22030
1403,10404,10404
1404,59560,59560
1405,71593,71593
1406,39461,63097
1407,70290,70290
1408,79436,79436
1409,36726,75726
1410,98620,98620
1411,36261,36261
1412,23452,23452
1413,11397,11397
1414,48854,48854
1415,65395,65395
1416,62916,62916
1417,33870,33870
1418,54438,54438
1419,15242,15242
1420,67744,67744
1421,83671,83671
1422,76438,76438
1423,91300,91300
1424,25420,25420
1425,35471,35471
1426,16103,16103
1427,72468,72468
1428,65423,65423
1429,73451,7345
1430,67869,67869
1431,53672,53672
1432,63989,6869
1433,79452,79457
1434,97140,97140
1435,60775,60775
1436,14722,14722
1437,43640,43640
1438,12228,12228
1439,77579,77570
1440,92079,92079
1441,648,6488
1442,42386,42386
1443,44222,44222
1444,1283,1283
1445,64684,64684
1446,1855,1855
1447,42349,42349
1448,36296,36296
1449,2841,2841
1450,70686,70686
1451,29311,29311
1452,59127,59127
1453,28740,28740
1454,58273,58273
1455,29407,29407
1456,65135,33849
1457,20664,20664
1458,88502,88502
1459,96970,96970
1460,71233,71333
1461,58502,58502
1462,85508,85508
1463,32646,32646
1464,58116,58116
1465,39835,39835
1466,23675,23675
1467,76121,76121
1468,12404,80804
1469,88975,88975
1470,24590,24590
1471,66531,66531
1472,99328,99328
1473,49364,49364
1474,71078,71078
1475,9984,9984
1476,91765,20635
1477,88474,88474
1478,30313,30313
1479,9068,9068
1480,69493,69493
1481,52136,52136
1482,19949,50817
1483,13867,13867
1484,14629,14629
1485,26994,26994
1486,54429,54429
1487,12607,6767
1488,52447,52447
1489,74097,23830
1490,15083,15083
1491,63489,63489
1492,64684,64684
1493,92507,92507
1494,47785,47785
1495,50153,50153
1496,85500,85500
1497,67171,67171
1498,42966,42966
1499,28151,28151
1500,83933,8393
1501,9922,9922
1502,88823,88823
1503,23028,23028
1504,80774,80774
1505,34526,34529
1506,20603,20603
1507,54682,54882
1508,19205,19205
1509,74158,74158
1510,34050,34050
1511,179,179
1512,16210,61005
1513,697,697
1514,3623,3623
1515,722,7222
1516,66732,66732
1517,24190,24190
1518,64613,646
1519,6302,6302
1520,27148,27148
1521,23562,23562
1522,6452,6452
1523,2929,2929
1524,47183,47183
1525,66682,68010
1526,69687,69687
1527,34526,34526
1528,97934,97939
1529,80342,80342
1530,78024,78024
1531,27908,27908
1532,14272,14272
1533,56293,56293
1534,67805,67805
1535,96730,96730
1536,91740,91740
1537,69468,69468
1538,20517,20517
1539,55627,55657
1540,91508,91508
1541,84847,84847
1542,75084,75084
1543,1124,1124
1544,63157,63157
1545,70016,82446
1546,31237,31237
1547,41331,41331
1548,89033,89231
1549,79803,79803
1550,34827,34827
1551,5149,5149
1552,55240,55240
1553,24795,24795
1554,54424,54424
1555,91856,18286
1556,96575,96575
1557,3477,3477
1558,28162,28162
1559,8560,8560
1560,42943,42943
1561,85984,59661
1562,93253,93253
1563,41120,41120
1564,44874,44874
1565,33032,33032
1566,37940,37940
1567,82118,82118
1568,80481,80481
1569,75790,75790
1570,52428,52428
1571,68332,68336
1572,90352,90352
1573,7643,7643
1574,61596,61596
1575,53697,53697
1576,60351,60351
1577,13349,13349
1578,42606,42606
1579,10885,10885
1580,89592,81291
1581,73979,73979
1582,38235,38235
1583,55279,55279
1584,69832,57151
1585,91293,91293
1586,56507,56507
1587,2095,31390
1588,87576,87576
1589,87256,87256
1590,13773,13773
1591,987,987
1592,4132,4132
1593,17967,17967
1594,48729,48729
1595,50657,50657
1596,73431,73431
1597,73405,73405
1598,77370,77370
1599,23008,23001
1600,9371,9371
1601,16061,16061
1602,47182,47182
1603,55711,55711
1604,65843,65843
1605,65415,65415
1606,67573,67573
1607,33366,33366
1608,60337,60337
1609,4034,4034
1610,55496,55496
1611,12147,12147
1612,19457,18600
1613,6555,6555
1614,46115,46115
1615,82022,82022
1616,3922,3922
1617,75173,75173
1618,7356,7356
1619,62665,62665
1620,63754,63833
1621,69541,69541
1622,89029,81139
1623,44685,44685
1624,64416,64416
1625,36714,36714
1626,32930,12079
1627,87711,87711
1628,38514,38514
1629,51767,51767
1630,38732,38732
1631,24972,24972
1632,24774,81774
1633,59114,59114
1634,91543,91543
1635,86993,86993
1636,96823,96823
1637,4424,29322
1638,41670,41673
1639,76180,76180
1640,21609,21609
1641,59779,59779
1642,87072,87029
1643,56242,56242
1644,71747,71747
1645,93883,93883
1646,92634,92634
1647,75348,75348
1648,71938,71938
1649,12595,12595
1650,93655,93655
1651,97493,97493
1652,88421,88421
1653,37393,37393
1654,52112,52112
1655,69003,62480
1656,30250,30250
1657,65703,65703
1658,76345,76345
1659,36877,36877
1660,26798,26798
1661,81771,47874
1662,3077,3077
1663,76097,76097
1664,58192,58192
1665,31520,31520
1666,90470,90847
1667,25151,25151
1668,2318,2318
1669,816,816
1670,72048,72048
1671,21010,21010
1672,60368,60368
1673,39479,39479
1674,74350,74350
1675,70383,70383
1676,30163,25377
1677,25233,25233
1678,43501,43501
1679,4773,4773
1680,92733,92733
1681,60549,60549
1682,17621,17621
1683,86718,86718
1684,85409,85409
1685,65971,25463
1686,12677,12677
1687,90636,90696
1688,27334,27334
1689,43459,43459
1690,20161,20161
1691,52179,52779
1692,38702,38720
1693,94165,94165
1694,72661,72672
1695,83619,83619
1696,72247,72247
1697,20451,20451
1698,82712,82712
1699,56317,56317
1700,38003,3800
1701,34834,74750
1702,79999,79999
1703,64419,64419
1704,1314,1314
1705,17629,17629
1706,28053,28053
1707,65078,68578
1708,86494,86494
1709,17138,17838
1710,64182,64182
1711,40039,40039
1712,79982,79982
1713,64713,64713
1714,13563,13563
1715,37896,37896
1716,96061,96061
1717,86349,86349
1718,3649,3649
1719,7973,7973
1720,82718,29418
1721,32580,32580
1722,25701,25701
1723,36330,36330
1724,16259,16259
1725,94825,94025
1726,85765,85765
1727,6444,6444
1728,1749,1749
1729,57859,57859
1730,95216,95216
1731,56008,56008
1732,94822,94822
1733,64400,64400
1734,17303,17303
1735,43443,43443
1736,12071,12071
1737,72620,72620
1738,46226,46226
1739,17701,17701
1740,367,9986
1741,54849,54849
1742,76146,76146
1743,40904,40904
1744,62838,62838
1745,28525,11418
1746,80643,80643
1747,88126,88126
1748,50403,85260
1749,20867,20867
1750,42937,42937
1751,44725,34725
1752,2139,2139
1753,26617,26617
1754,71145,71145
1755,63276,63276
1756,47134,47134
1757,11803,11803
1758,45629,45629
1759,59168,59168
1760,35876,97410
1761,71141,71141
1762,44399,44399
1763,83925,83925
1764,59272,59272
1765,19980,19980
1766,87861,87861
1767,72346,72346
1768,89610,89610
1769,41586,41586
1770,12083,12083
1771,66059,66059
1772,16734,16734
1773,86484,86484
1774,44333,44333
1775,5410,5410
1776,85080,85080
1777,73766,73766
1778,23808,23808
1779,59204,59204
1780,76686,76686
1781,72932,72932
1782,92701,45649
1783,28903,84002
1784,50493,50493
1785,50988,50988
1786,20166,20166
1787,98546,98546
1788,42843,42843
1789,6495,6495
1790,82582,82582
1791,13482,13482
1792,38350,38350
1793,57796,57796
1794,74720,74720
1795,70286,70286
1796,35516,35516
1797,68099,68099
1798,75823,75823
1799,23741,23741
1800,4841,4841
1801,33240,33240
1802,71977,711977
1803,12353,12353
1804,67289,67289
1805,10181,10181
1806,13811,13811
1807,44483,44483
1808,83675,83675
1809,66488,66488
1810,66162,66162
1811,60215,60215
1812,25982,25982
1813,80281,80281
1814,53648,53648
1815,56911,56911
1816,44090,44090
1817,1564,1564
1818,41764,41764
1819,95971,95971
1820,17540,17540
1821,36765,36765
1822,48059,48059
1823,59853,59853
1824,91942,91942
1825,12277,73696
1826,66658,66658
1827,97722,97722
1828,28036,28036
1829,14647,54647
1830,28177,28177
1831,54324,54324
1832,87746,87746
1833,57200,57200
1834,54127,54127
1835,85571,85571
1836,85941,85941
1837,26116,26116
1838,27913,27913
1839,45606,75260
1840,81031,81013
1841,22340,21340
1842,12136,12136
1843,37277,37277
1844,77887,77887
1845,12205,12205
1846,60558,60558
1847,20156,20156
1848,72703,72703
1849,93655,1781
1850,61264,61264
1851,65203,65203
1852,43980,43980
1853,48507,48507
1854,3593,3593
1855,33918,33918
1856,93292,93292
1857,43126,4312
1858,68516,68516
1859,14585,14585
1860,14007,14007
1861,25774,25774
1862,76921,76921
1863,58624,58624
1864,66781,66781
1865,16055,16055
1866,11427,11427
1867,22776,22776
1868,87967,87967
1869,64535,64535
1870,98326,98326
1871,68995,68995
1872,50163,50163
1873,14558,14558
1874,46564,46564
1875,71978,71978
1876,37761,37761
1877,21888,4420
1878,21398,21398
1879,92092,92092
1880,68491,68491
1881,31473,31473
1882,21594,21594
1883,37062,37062
1884,46580,69379
1885,26517,26517
1886,24455,24455
1887,89594,89594
1888,69760,69760
1889,44792,44792
1890,4101,4101
1891,5375,5375
1892,99280,99280
1893,20720,20720
1894,95032,95032
1895,71780,66704
1896,9996,9996
1897,94350,94350
1898,50694,70694
1899,32154,32154
1900,57746,57746
1901,11770,11770
1902,55691,55651
1903,21330,21330
1904,35145,60107
1905,75627,7562
1906,66629,66629
1907,45949,28085
1908,3230,3230
1909,61230,61230
1910,81945,81945
1911,64188,64188
1912,51,51
1913,41973,41973
1914,89216,89216
1915,43314,43341
1916,11735,28465
1917,71297,71297
1918,29179,29179
1919,41077,70568
1920,42575,94527
1921,71463,71463
1922,95759,95759
1923,32342,32342
1924,28823,74571
1925,97621,87078
1926,93536,93936
1927,56109,56109
1928,16362,16362
1929,55203,55203
1930,50744,50747
1931,76613,76613
1932,69225,69225
1933,94564,94564
1934,37508,37508
1935,4415,4415
1936,8943,8943
1937,69822,69822
1938,96095,96095
1939,35206,35206
1940,8488,68101
1941,45331,45331
1942,70839,70839
1943,29615,29556
1944,31382,84471
1945,36413,70819
1946,86564,86564
1947,6726,6726
1948,57725,57725
1949,6485,6485
1950,74966,74966
1951,68755,34735
1952,12371,12371
1953,79183,79183
1954,99763,99763
1955,71776,71776
1956,6495,6495
1957,30335,30335
1958,76795,76795
1959,80731,80731
1960,94632,94632
1961,72686,72686
1962,29483,29483
1963,55399,55399
1964,78740,78740
1965,43935,43935
1966,95976,95976
1967,72667,72667
1968,53624,53624
1969,27788,27788
1970,45865,45865
1971,65551,6910
1972,53532,53532
1973,48101,48101
1974,55911,55911
1975,12193,12193
1976,89526,89526
1977,602,602
1978,84967,53992
1979,33911,33911
1980,67648,676487
1981,39235,39235
1982,65415,65415
1983,25914,25914
1984,96733,96733
1985,66781,66781
1986,52802,52802
1987,41173,41173
1988,80406,80406
1989,85275,85275
1990,37232,37232
1991,64231,64231
1992,17956,17956
1993,90509,90509
1994,23454,23454
1995,33998,33998
1996,25443,25443
1997,87254,87254
1998,52536,52536
1999,11930,11930
2000,60495,60495
2001,58996,58996
2002,95223,95223
2003,38760,38760
2004,17311,17311
2005,28007,99798
2006,87464,87464
2007,66063,66063
2008,610,610
2009,91980,91980
2010,8989,8989
2011,33012,33072
2012,85937,85937
2013,42276,42276
2014,22025,22025
2015,15869,15869
2016,86605,86680
2017,55807,55807
2018,57873,57873
2019,83037,83037
2020,32847,32847
2021,69725,69725
2022,45336,45336
2023,54809,54809
2024,94409,94449
2025,93079,93079
2026,77968,77968
2027,84825,84825
2028,21355,21355
2029,30917,34917
2030,51968,51968
2031,76431,76431
2032,36935,36935
2033,67302,67302
2034,70204,70204
2035,47311,47311
2036,98218,98218
2037,2544,2544
2038,37904,37904
2039,99354,99354
2040,99714,99714
2041,45207,51542
2042,89936,89936
2043,3747,3747
2044,1534,1534
2045,12322,12322
2046,22020,22020
2047,50005,50005
2048,25510,92489
2049,13442,13442
2050,52590,52590
2051,81826,81826
2052,74637,74637
2053,25980,25980
2054,75514,75514
2055,86602,59970
2056,69261,69261
2057,2449,69424
2058,13317,13317
2059,82120,82120
2060,16835,16835
2061,55087,55087
2062,10078,10078
2063,98290,98290
2064,8419,8419
2065,62483,62483
2066,71821,71821
2067,99419,99419
2068,47577,47577
2069,91298,91298
2070,26791,26791
2071,48476,48476
2072,97652,97652
2073,12301,12301
2074,95666,95666
2075,16906,16906
2076,35899,35894
2077,57128,57128
2078,27829,52868
2079,66015,66015
2080,63623,63623
2081,95237,95237
2082,39670,6540
2083,73289,73289
2084,51324,51324
2085,30163,30163
2086,88116,88116
2087,18243,18243
2088,85248,85248
2089,2161,2161
2090,22923,22923
2091,84754,84754
2092,54778,54776
2093,92526,92526
2094,60260,60260
2095,6381,6381
2096,26210,26210
2097,75134,75134
2098,80134,80184
2099,36764,36764
2100,53170,53170
2101,89484,89484
2102,2645,2645
2103,53563,53563
2104,49504,49504
2105,71223,71223
2106,27111,27111
2107,22668,22668
2108,60683,60683
2109,38481,38481
2110,29618,29618
2111,1149,1149
2112,192,192
2113,32523,32523
2114,72085,72085
2115,38798,38798
2116,52902,57970
2117,6976,6976
2118,23370,23370
2119,5833,5833
2120,77837,77837
2121,70204,70204
2122,73449,73449
2123,80954,80954
2124,55919,55919
2125,58824,58842
2126,73376,73376
2127,7904,8364
2128,48,48
2129,64167,64167
2130,4432,4432
2131,32933,32933
2132,13586,13586
2133,54560,54560
2134,68372,68372
2135,52906,52906
2136,95666,95666
2137,79712,79712
2138,48070,48070
2139,99775,99775
2140,16118,16118
2141,3561,70523
2142,22121,22182
2143,27366,27366
2144,26603,75006
2145,93477,93477
2146,42777,42777
2147,81619,81619
2148,56795,56795
2149,39001,39001
2150,84859,84859
2151,71614,71614
2152,45651,12109
2153,88120,88120
2154,49049,49049
2155,20228,20228
2156,82379,82379
2157,21834,21834
2158,69203,69203
2159,41478,41478
2160,33107,33107
2161,38528,38528
2162,51355,51355
2163,10859,10859
2164,79476,79476
2165,29597,29597
2166,99261,99261
2167,26317,26317
2168,58532,58532
2169,69541,69541
2170,29746,29746
2171,65447,65447
2172,94451,94451
2173,45623,45623
2174,31999,319999
2175,2332,1040
2176,91029,91029
2177,95798,95798
2178,28053,28053
2179,40246,40246
2180,10424,19428
2181,89695,89695
2182,42699,42699
2183,78784,78784
2184,22126,22126
2185,95562,95562
2186,63646,63646
2187,34321,34321
2188,78303,78303
2189,63648,63648
2190,71637,71637
2191,7930,7930
2192,84412,80829
2193,91503,94712
2194,3179,3179
2195,32777,32777
2196,61060,61060
2197,11232,11232
2198,71611,7160111
2199,18139,18139
2200,61055,61055
2201,19510,19510
2202,23515,23515
2203,39644,39644
2204,71578,71578
2205,11985,11985
2206,52872,52872
2207,7356,7356
2208,42894,42849
2209,86388,86388
2210,48310,48310
2211,90843,90843
2212,41436,41436
2213,73709,73709
2214,32506,32506
2215,10462,10462
2216,71760,71760
2217,23303,23303
2218,95997,95997
2219,39830,39830
2220,38310,61553
2221,65882,65882
2222,10770,10770
2223,24262,24262
2224,82568,82568
2225,41776,41776
2226,61982,61982
2227,65873,65873
2228,40581,40581
2229,53432,53432
2230,38111,38111
2231,89546,89546
2232,77017,77017
2233,64285,64285
2234,92803,92803
2235,77551,77551
2236,26597,26597
2237,53067,53067
2238,29341,29341
2239,76738,76738
2240,19880,36841
2241,62733,62731
2242,93940,93940
2243,83907,83907
2244,55786,45726
2245,5831,5831
2246,23205,23205
2247,38271,38271
2248,7136,7136
2249,68287,68287
2250,57254,57254
2251,14713,14713
2252,40706,40706
2253,11582,11582
2254,27835,27835
2255,91635,91635
2256,5697,5697
2257,12078,12078
2258,56199,56199
2259,79174,80297
2260,11570,11570
2261,34055,34055
2262,35051,35051
2263,14954,14954
2264,65838,65838
2265,39236,39236
2266,58082,58082
2267,4899,4899
2268,34023,34023
2269,89549,89549
2270,18629,18629
2271,95121,95121
2272,3179,3179
2273,25320,25320
2274,91158,95976
2275,41379,41379
2276,10044,10044
2277,31340,31340
2278,5661,5661
2279,53265,53265
2280,58014,58014
2281,27937,27937
2282,49826,49826
2283,65291,65291
2284,80707,80707
2285,20606,20606
2286,71043,71043
2287,8639,8639
2288,59494,59494
2289,49774,49774
2290,44520,44520
2291,29107,29107
2292,24908,24908
2293,8424,8424
2294,29976,71219
2295,25338,25338
2296,94434,94943
2297,8659,8659
2298,58863,88805
2299,35974,35974
2300,37109,37109
2301,56420,56420
2302,34834,34834
2303,33317,33317
2304,64845,64845
2305,4538,4538
2306,98320,98320
2307,68688,53050
2308,95210,95210
2309,82484,82484
2310,97274,97274
2311,40411,29262
2312,15815,15815
2313,67072,7952
2314,72020,72020
2315,63024,13516
2316,96472,96472
2317,6265,6264
2318,63549,63549
2319,97296,97296
2320,53236,53236
2321,30982,30982
2322,64437,64437
2323,58697,58697
2324,68263,68263
2325,40775,40775
2326,498,498
2327,11128,11128
2328,1749,1749
2329,35337,35337
2330,2682,58018
2331,83731,83731
2332,10296,10296
2333,10331,10331
2334,64696,64696
2335,1905,1905
2336,78130,78100
2337,48211,48211
2338,89159,89159
2339,35313,35313
2340,68049,68049
2341,86073,86073
2342,30460,30460
2343,48465,48465
2344,83086,83086
2345,69793,49793
2346,5186,5186
2347,82343,82343
2348,54919,54919
2349,36661,36661
2350,49614,49614
2351,55132,55132
2352,13774,13774
2353,13841,13841
2354,82336,82336
2355,19882,19882
2356,67645,67645
2357,44525,44525
2358,83262,83262
2359,99876,99876
2360,3255,3255
2361,59609,59609
2362,63109,63109
2363,46170,46170
2364,59395,59395
2365,12994,12994
2366,76539,76539
2367,15130,15130
2368,34759,34759
2369,14625,14625
2370,83300,4547
2371,65811,65811
2372,26430,26430
2373,9723,9723
2374,87947,87947
2375,31695,31695
2376,50566,50566
2377,40559,40559
2378,91648,91648
2379,60118,60118
2380,37391,37391
2381,86533,86533
2382,29647,29647
2383,19274,19274
2384,97934,97934
2385,24614,24614
2386,35682,35682
2387,53113,53113
2388,50558,50558
2389,97580,91319
2390,41536,41536
2391,61109,22538
2392,52664,52664
2393,81770,81700
2394,5174,51742
2395,62594,62594
2396,64355,64355
2397,11790,11790
2398,45433,45436
2399,29946,29946
2400,73345,73345
2401,30214,30214
2402,10406,10406
2403,67628,67628
2404,11821,11821
2405,35337,35337
2406,63256,63256
2407,28268,28268
2408,58087,58087
2409,17999,17999
2410,51290,51290
2411,5476,5476
2412,45181,45181
2413,59980,59980
2414,10759,10759
2415,96524,96524
2416,85499,25241
2417,99840,99840
2418,49430,49430
2419,63569,63569
2420,58766,58766
2421,78842,78842
2422,19687,19687
2423,2065,2065
2424,60058,60058
2425,81818,81818
2426,68371,68371
2427,89710,89719
2428,90267,90267
2429,29713,29713
2430,43231,43231
2431,33300,33300
2432,28406,28406
2433,83883,83883
2434,8116,8116
2435,68217,68217
2436,90806,90806
2437,97784,97848
2438,12139,12139
2439,98076,98076
2440,77362,77362
2441,14984,14984
2442,72260,72260
2443,1200,1201
2444,93700,93700
2445,51791,52791
2446,59986,59986
2447,12457,12457
2448,27066,27066
2449,34039,34039
2450,87898,87898
2451,24769,24769
2452,92068,92068
2453,59760,27840
2454,32898,42193
2455,16555,16555
2456,79454,79454
2457,86222,86222
2458,37287,84025
2459,69159,69159
2460,45360,45360
2461,36494,36494
2462,99201,99201
2463,12329,12329
2464,43498,48498
2465,7672,7672
2466,81520,81520
2467,15118,15118
2468,8497,8497
2469,59421,59421
2470,19332,19332
2471,96017,96017
2472,52506,52506
2473,42706,42706
2474,74243,74243
2475,57516,57516
2476,99089,99089
2477,64220,64220
2478,96734,96734
2479,42421,42421
2480,45330,45330
2481,1845,1845
2482,75460,75460
2483,35897,35897
2484,97441,97441
2485,10228,10228
2486,99486,99486
2487,76949,76949
2488,88598,88598
2489,15877,15877
2490,28014,28014
2491,81379,81379
2492,66531,66531
2493,49824,49824
2494,19543,19543
2495,14599,14599
2496,47814,47814
2497,53012,53012
2498,11395,11395
2499,41009,41009
2500,15400,15400
2501,45344,45344
2502,235,68034
2503,15197,15177
2504,17006,17006
2505,60342,60342
2506,68730,68730
2507,91073,91073
2508,52428,52428
2509,65413,65413
2510,41347,41347
2511,32693,32693
2512,67188,67188
2513,33787,33787
2514,79453,79453
2515,52214,52214
2516,83743,83743
2517,35842,35482
2518,96726,96726
2519,98363,98363
2520,58927,58927
2521,56362,56362
2522,54252,54252
2523,64375,64375
2524,77050,77050
2525,51782,73829
2526,95092,95092
2527,622,622
2528,41919,86969
2529,61661,61661
2530,37692,37692
2531,63395,63395
2532,95104,95104
2533,83154,48317
2534,218,2187
2535,74027,18043
2536,50342,50342
2537,79074,27986
2538,11426,11426
2539,80141,80141
2540,32133,32133
2541,54729,54729
2542,51335,51335
2543,12764,12764
2544,66313,66313
2545,75303,75303
2546,45157,45157
2547,36471,36471
2548,77576,77576
2549,47354,47354
2550,86686,86686
2551,42837,42837
2552,82931,82931
2553,75585,75585
2554,12711,12711
2555,58562,58562
2556,13322,13322
2557,73305,73305
2558,23391,23391
2559,80605,80605
2560,25813,25813
2561,99183,99183
2562,16015,16015
2563,8510,8510
2564,10035,10305
2565,89737,89737
2566,99744,99744
2567,40837,40837
2568,17709,17709
2569,76074,76074
2570,72487,72487
2571,8165,8165
2572,38684,38684
2573,10110,10110
2574,24351,24351
2575,51355,51355
2576,38350,38350
2577,34213,34213
2578,7455,7455
2579,85905,85905
2580,43340,43340
2581,54696,54696
2582,91635,91363
2583,26805,57138
2584,97160,97160
2585,7757,7757
2586,51648,51648
2587,28080,28080
2588,83055,83055
2589,42564,42564
2590,72650,72650
2591,42651,42651
2592,86305,86305
2593,32760,32760
2594,21003,21003
2595,85941,85914
2596,92360,92360
2597,88539,88539
2598,30460,30460
2599,71789,71789
2600,51998,5198
2601,1029,1029
2602,41900,41900
2603,63758,63758
2604,82438,82438
2605,66404,66404
2606,10189,10189
2607,71659,71659
2608,74215,74215
2609,91652,91652
2610,25695,2569
2611,64064,64064
2612,4759,4759
2613,49098,49098
2614,80309,80309
2615,12776,12776
2616,14084,14084
2617,52122,52122
2618,32622,32622
2619,86620,86620
2620,56987,56987
2621,89517,89517
2622,91035,91035
2623,98196,98196
2624,71319,71319
2625,2470,2470
2626,38657,38657
2627,75046,75046
2628,97652,97652
2629,47887,47887
2630,16273,16273
2631,23593,23593
2632,85325,85325
2633,35006,35006
2634,92827,92827
2635,99363,99363
2636,82891,82891
2637,2726,2726
2638,72079,72079
2639,93345,93334
2640,66845,66845
2641,47426,47426
2642,45534,45534
2643,83055,83055
2644,5940,5940
2645,4959,4959
2646,72862,72862
2647,1518,1518
2648,12530,12530
2649,58328,58328
2650,26153,26153
2651,82790,82790
2652,59370,59370
2653,65144,65144
2654,26663,26663
2655,38205,38205
2656,51316,51316
2657,2816,2816
2658,63180,63180
2659,9050,9050
2660,79155,79155
2661,83307,83307
2662,4711,4711
2663,30762,30762
2664,66015,66015
2665,52590,52590
2666,58226,58226
2667,38599,38599
2668,34090,53934
2669,19689,19689
2670,6375,6375
2671,1801,1801
2672,25145,25145
2673,85434,85434
2674,79777,79777
2675,84455,84455
2676,15651,15641
2677,3942,3942
2678,15,15
2679,20960,20960
2680,90033,90033
2681,57663,57663
2682,7886,7886
2683,35944,35944
2684,10306,10306
2685,6279,6279
2686,92588,92588
2687,37324,37324
2688,19752,92566
2689,12600,12600
2690,94039,94039
2691,47664,47664
2692,93700,93700
2693,75030,75030
2694,60457,14833
2695,32519,32519
2696,97850,97850
2697,7102,7102
2698,68723,68723
2699,74480,74480
2700,84382,84382
2701,99682,99682
2702,92183,92183
2703,22762,22762
2704,16904,16904
2705,52162,52162
2706,47606,47606
2707,17090,17090
2708,55879,55879
2709,39247,39247
2710,72896,72896
2711,60612,60612
2712,14817,14817
2713,31769,31769
2714,12589,31324
2715,58793,58793
2716,80511,80511
2717,80696,80696
2718,99791,99791
2719,33162,33162
2720,85239,85239
2721,83517,83517
2722,1897,1879
2723,31311,5343
2724,93092,93092
2725,55826,53826
2726,24816,24816
2727,88466,88466
2728,15742,15742
2729,74516,74516
2730,94148,94148
2731,50293,50293
2732,89979,89979
2733,72445,72445
2734,73592,73592
2735,35315,35315
2736,54911,54911
2737,54766,54766
2738,95112,59316
2739,21143,21143
2740,24850,24850
2741,19555,19555
2742,80027,80027
2743,31796,31796
2744,7789,7789
2745,22096,22096
2746,76485,76485
2747,9909,9909
2748,46426,43014
2749,64890,64890
2750,25510,25502
2751,81520,81520
2752,31318,31318
2753,24824,24824
2754,50183,50183
2755,34521,34521
2756,19675,19675
2757,65271,65271
2758,60429,60429
2759,42691,42691
2760,50700,50700
2761,85700,85700
2762,68326,68326
2763,41434,41434
2764,49876,49876
2765,97652,97651
2766,68170,68170
2767,55558,55558
2768,18438,18438
2769,19352,19352
2770,61067,61067
2771,53672,53672
2772,85380,85380
2773,23367,23367
2774,32511,32511
2775,3339,3339
2776,91045,9490
2777,96825,9682
2778,52105,52105
2779,34947,83498
2780,69379,69379
2781,16275,16275
2782,15742,15742
2783,28677,28677
2784,27368,27368
2785,1269,1269
2786,96642,30350
2787,27940,27940
2788,80259,80259
2789,76884,75978
2790,22329,22329
2791,90470,90470
2792,14523,14523
2793,48030,48030
2794,10541,48480
2795,69777,69777
2796,60973,60973
2797,35976,10886
2798,38349,38349
2799,3191,3191
2800,54197,54197
2801,13474,13474
2802,94940,94940
2803,13667,13667
2804,47251,47251
2805,42408,42408
2806,85944,85944
2807,34079,34079
2808,7371,7371
2809,70767,70767
2810,82171,82171
2811,31080,31080
2812,81136,81136
2813,83182,83182
2814,93373,93373
2815,42438,42438
2816,18226,18226
2817,65241,65241
2818,52872,52872
2819,51854,51854
2820,57533,57533
2821,48503,48503
2822,87840,87840
2823,26149,26149
2824,88870,41862
2825,60786,60786
2826,96019,96019
2827,36887,36042
2828,63367,63367
2829,46955,46955
2830,36269,43268
2831,41258,41258
2832,17400,27654
2833,15987,15987
2834,83197,83197
2835,13625,13625
2836,2284,2204
2837,51804,51804
2838,31527,31527
2839,28544,28574
2840,71926,71106
2841,98753,98753
2842,4187,4187
2843,32071,32071
2844,63198,63198
2845,21803,21803
2846,16802,16802
2847,59579,59579
2848,78707,78707
2849,91021,91021
2850,19699,48499
2851,6480,6480
2852,34412,34412
2853,29416,29416
2854,92549,92549
2855,66201,66201
2856,65390,65390
2857,59440,59440
2858,96228,96228
2859,35545,35545
2860,99458,99458
2861,19533,19533
2862,3364,3364
2863,88173,88173
2864,20696,20690
2865,89002,89002
2866,40075,40075
2867,94285,54373
2868,50187,5017
2869,5234,5234
2870,77801,77801
2871,47265,47265
2872,7421,23241
2873,40681,40681
2874,52112,52112
2875,27383,27383
2876,90413,90413
2877,85270,85270
2878,55857,55575
2879,92669,92669
2880,67080,67080
2881,52628,52628
2882,41117,41117
2883,24547,23245
2884,45571,45571
2885,95317,95317
2886,51875,51875
2887,1978,1978
2888,48875,48875
2889,42699,42699
2890,21095,56334
2891,77956,95714
2892,73276,73276
2893,43951,43951
2894,6032,6032
2895,72560,72560
2896,85952,85952
2897,62430,62430
2898,72051,72051
2899,70926,70926
2900,99941,99941
2901,46880,46880
2902,51721,51721
2903,59856,59856
2904,63311,63311
2905,18929,18729
2906,4612,4612
2907,25436,25436
2908,46918,46918
2909,22477,22477
2910,50515,50515
2911,81160,81160
2912,99550,92550
2913,58624,58624
2914,30404,30404
2915,96315,96315
2916,51819,51819
2917,20798,5396
2918,14316,14316
2919,98781,98781
2920,90453,90453
2921,31202,31202
2922,78092,78092
2923,95766,95766
2924,81223,81223
2925,87873,87873
2926,10526,10526
2927,61994,61994
2928,82625,82625
2929,99033,99033
2930,91561,91561
2931,80798,80798
2932,18987,18987
2933,60652,60652
2934,85530,85530
2935,34131,34131
2936,14687,14687
2937,10149,10149
2938,39425,39425
2939,79311,79311
2940,21936,21936
2941,13906,30906
2942,38389,38389
2943,41896,41896
2944,17205,17205
2945,79165,58502
2946,77609,77609
2947,8824,8255
2948,61533,61533
2949,94409,94409
2950,8055,8055
2951,37281,37281
2952,96642,96642
2953,55516,55516
2954,26792,26792
2955,76944,76944
2956,74027,74027
2957,93848,93848
2958,6657,6657
2959,96467,96467
2960,65583,65583
2961,3836,3836
2962,90118,90118
2963,6139,68525
2964,22124,22124
2965,38077,38045
2966,65854,65854
2967,15197,15197
2968,27409,27409
2969,29404,29404
2970,73686,73686
2971,1283,1283
2972,80324,80324
2973,11553,11553
2974,34804,34804
2975,48203,48203
2976,80889,80889
2977,77081,77081
2978,10706,10706
2979,91319,91319
2980,96976,96976
2981,73222,73222
2982,40957,40957
2983,74898,74898
2984,96719,96719
2985,69407,69407
2986,18139,18139
2987,70063,70063
2988,41506,41506
2989,27480,8997
2990,64037,64037
2991,46873,88142
2992,95312,95318
2993,14319,14319
2994,29394,29394
2995,34208,32408
2996,16504,16504
2997,48007,48007
2998,62299,62299
2999,3259,3259
3000,58402,58402
3001,68881,68881
3002,99568,99568
3003,7911,16114
3004,28276,28276
3005,90164,90164
3006,39190,39190
3007,98332,98332
3008,24936,24936
3009,32466,32466
3010,35600,35600
3011,60533,60533
3012,25192,8526
3013,89504,89504
3014,85486,85486
3015,31958,31958
3016,64264,64264
3017,10075,10075
3018,42147,42147
3019,24952,24952
3020,90772,90772
3021,49750,49750
3022,55558,55558
3023,22161,22161
3024,65864,65864
3025,11706,11706
3026,91509,91509
3027,39651,39651
3028,89987,89987
3029,82392,82392
3030,58286,58286
3031,25264,25264
3032,77563,77563
3033,17919,85269
3034,93808,93808
3035,82116,82116
3036,18070,18070
3037,94129,94121
3038,16164,16164
3039,53501,53501
3040,22761,22761
3041,30119,30119
3042,53593,53593
3043,21534,21534
3044,23294,23294
3045,66250,66250
3046,78347,78347
3047,18301,18301
3048,14707,14707
3049,76254,76254
3050,31952,31952
3051,66635,66635
3052,25283,25283
3053,47059,47059
3054,74725,74725
3055,19308,19308
3056,86666,86666
3057,71533,71533
3058,39494,39494
3059,3462,3462
3060,74396,74396
3061,46153,46153
3062,6186,6186
3063,97633,97633
3064,13995,13995
3065,95562,95562
3066,67267,67267
3067,91138,91138
3068,99080,99080
3069,66157,66157
3070,16927,16927
3071,68717,68717
3072,42458,42458
3073,10804,10804
3074,4967,4967
3075,70597,70597
3076,63310,63310
3077,1856,1856
3078,98710,98710
3079,10677,10677
3080,51095,51095
3081,37426,37426
3082,2973,2973
3083,45736,45736
3084,35680,35680
3085,50755,76806
3086,31719,31719
3087,74400,74400
3088,81289,81289
3089,12952,12952
3090,14096,14096
3091,59399,59399
3092,31420,31420
3093,11397,78998
3094,39405,39405
3095,41182,41182
3096,25996,25996
3097,27545,2759
3098,78148,78148
3099,52580,52580
3100,36707,36707
3101,11919,11919
3102,99940,99940
3103,43287,43287
3104,53062,16020
3105,48874,48874
3106,4710,4710
3107,3479,3479
3108,87717,87717
3109,65101,83873
3110,61109,28386
3111,61272,61272
3112,79175,79175
3113,30188,30383
3114,27775,27775
3115,97762,97762
3116,6353,6353
3117,18021,1802
3118,97835,97835
3119,81350,81350
3120,54044,41647
3121,80920,80920
3122,30682,30686
3123,90040,74849
3124,98090,49194
3125,48397,48397
3126,94997,94997
3127,1436,1436
3128,7556,7556
3129,20098,20098
3130,44168,44168
3131,78884,78884
3132,13013,13013
3133,37212,37212
3134,53909,53909
3135,21986,21986
3136,92347,92347
3137,23455,23455
3138,28773,28773
3139,93320,93320
3140,51075,51073
3141,48676,48676
3142,66449,29764
3143,82359,82350
3144,9418,9418
3145,27471,27471
3146,99948,99948
3147,24717,48740
3148,31443,38132
3149,31434,31434
3150,4841,4841
3151,8183,8183
3152,81680,81680
3153,29044,29044
3154,10848,35864
3155,27561,27561
3156,74201,74201
3157,80123,80123
3158,38476,38476
3159,84173,84173
3160,805,8057
3161,95797,95797
3162,64185,64185
3163,5495,5495
3164,70942,70992
3165,44355,44355
3166,62141,62141
3167,33979,33979
3168,23705,23705
3169,34740,34740
3170,47182,47182
3171,40563,40563
3172,84797,84797
3173,17212,17271
3174,40141,40141
3175,61030,61030
3176,20862,20862
3177,55677,55677
3178,54208,54208
3179,73691,73691
3180,83591,83591
3181,85377,85377
3182,22650,22650
3183,70036,70036
3184,6476,6476
3185,19119,19119
3186,97897,19993
3187,71833,71833
3188,9065,9065
3189,49771,49771
3190,17289,17289
3191,86196,86196
3192,92806,92806
3193,67983,67983
3194,31577,31577
3195,3313,33134
3196,76551,76551
3197,72387,72387
3198,81310,81310
3199,13050,13050
3200,11197,11197
3201,68774,68774
3202,80965,80965
3203,43835,43835
3204,92070,92070
3205,95795,95795
3206,42040,42040
3207,66184,66184
3208,51489,51489
3209,31397,31397
3210,10407,10481
3211,31271,31271
3212,10658,10658
3213,9868,9868
3214,12346,12346
3215,21866,21866
3216,69087,46584
3217,61126,61126
3218,36703,36703
3219,29896,29896
3220,17836,4148
3221,47033,47033
3222,35355,35355
3223,95132,95132
3224,71318,71318
3225,13754,13754
3226,71857,71857
3227,91086,91086
3228,66545,66545
3229,77579,77579
3230,33347,33347
3231,52342,52342
3232,29708,29708
3233,24796,24796
3234,48646,48646
3235,33491,1642
3236,9053,9053
3237,69248,69248
3238,51550,5150
3239,76731,76731
3240,58864,58864
3241,48641,48650
3242,46629,46629
3243,50685,50685
3244,32593,32593
3245,78886,45342
3246,90609,90609
3247,59234,59234
3248,79403,25707
3249,97556,97556
3250,8644,8644
3251,50486,50486
3252,77233,77233
3253,2134,2134
3254,27693,27693
3255,20981,20981
3256,14897,14897
3257,13062,13062
3258,30620,30620
3259,54859,54859
3260,46377,46377
3261,94472,94472
3262,70517,70517
3263,4263,4263
3264,36185,36185
3265,24092,24092
3266,37524,37524
3267,41935,25610
3268,92094,92094
3269,72929,72929
3270,47382,47080
3271,23639,23639
3272,33323,33323
3273,59587,59587
3274,37700,56613
3275,92475,92475
3276,3821,83072
3277,62261,62261
3278,25333,597333
3279,10564,10564
3280,74859,74859
3281,1133,1133
3282,14319,14319
3283,1535,1535
3284,52308,52308
3285,1795,1795
3286,12395,12395
3287,79386,79386
3288,20984,20984
3289,5479,5479
3290,8141,3589
3291,52452,52452
3292,63924,12062
3293,76499,76499
3294,44141,44141
3295,44816,44816
3296,40187,40187
3297,13916,13916
3298,53919,53919
3299,90183,90183
3300,57840,57840
3301,41930,41930
3302,98256,98256
3303,63013,57638
3304,57061,57061
3305,79429,79429
3306,71593,71593
3307,31904,31909
3308,69740,69740
3309,60395,60395
3310,51338,51338
3311,76005,76005
3312,6750,6750
3313,67965,67965
3314,64720,64720
3315,42193,42193
3316,67836,67836
3317,97512,97512
3318,39880,39880
3319,53495,53495
3320,69582,69582
3321,73493,73493
3322,9568,9568
3323,48320,48320
3324,79815,79815
3325,89529,89529
3326,78727,78727
3327,23278,23278
3328,54962,46802
3329,15953,15953
3330,70557,70557
3331,36882,36882
3332,19890,19890
3333,86574,86546
3334,71747,17793
3335,77036,77036
3336,5511,5511
3337,80406,80406
3338,50703,50703
3339,5627,5627
3340,4087,4087
3341,79624,79624
3342,53614,73067
3343,61500,61500
3344,30313,30313
3345,81376,81376
3346,15079,15079
3347,20722,20722
3348,24891,24891
3349,46911,46911
3350,88440,88440
3351,56688,56688
3352,11597,11597
3353,7848,7848
3354,71465,71465
3355,46552,46552
3356,53040,53040
3357,28202,28202
3358,81978,81978
3359,55960,55960
3360,98405,98405
3361,64975,64975
3362,36932,36932
3363,85887,85887
3364,53286,53286
3365,13296,13246
3366,29916,29916
3367,63108,63108
3368,15520,45219
3369,33198,34377
3370,38818,38818
3371,86264,86264
3372,81125,81125
3373,54442,54442
3374,99657,99657
3375,489,489
3376,62043,62043
3377,1700,1700
3378,24140,24140
3379,23956,23956
3380,40378,40378
3381,28579,28579
3382,31814,31814
3383,89647,89647
3384,58380,58380
3385,66774,66774
3386,31976,31976
3387,32214,32214
3388,85395,85395
3389,84416,84416
3390,79260,79260
3391,29528,29528
3392,80726,80726
3393,47620,89769
3394,49343,49343
3395,34039,34039
3396,72694,72694
3397,63555,63555
3398,83090,71163
3399,77790,77790
3400,46257,46257
3401,29051,29051
3402,15506,15506
3403,31301,31301
3404,25738,25738
3405,38632,38632
3406,86572,86572
3407,79768,79768
3408,98887,98887
3409,35784,35784
3410,16772,16772
3411,53871,8764
3412,8696,8696
3413,43284,43284
3414,58206,58280
3415,7675,7675
3416,59482,59482
3417,35584,35584
3418,22339,22339
3419,49862,49862
3420,88151,88151
3421,50726,50726
3422,82359,82359
3423,67559,67559
3424,53112,53181
3425,78888,78888
3426,32856,32856
3427,80605,80605
3428,16165,16165
3429,28003,28003
3430,31646,31646
3431,33844,33844
3432,25899,25899
3433,46226,46226
3434,62898,62898
3435,58984,58984
3436,15923,69901
3437,68255,68255
3438,25215,25215
3439,12455,12455
3440,6190,6190
3441,8559,8559
3442,13259,13259
3443,76100,76100
3444,94652,94652
3445,62990,62990
3446,29893,29893
3447,79885,79885
3448,71521,71521
3449,15953,15953
3450,16248,16248
3451,89529,89529
3452,39563,39563
3453,33883,33883
3454,47990,47990
3455,46315,46315
3456,70466,70466
3457,54530,54530
3458,26112,26112
3459,91921,65921
3460,97133,97133
3461,42872,42872
3462,48182,48182
3463,5236,5236
3464,36538,36538
3465,92048,92048
3466,91905,91905
3467,55479,55479
3468,41935,41935
3469,89876,89876
3470,18943,1953
3471,76649,76242
3472,88711,88711
3473,68490,68490
3474,59313,53563
3475,8027,8027
3476,3681,41513
3477,14783,14783
3478,95210,95210
3479,46552,46552
3480,19787,19787
3481,78031,78031
3482,79757,79757
3483,63069,63069
3484,67155,67155
3485,71901,71901
3486,72297,72297
3487,87628,87628
3488,39800,39800
3489,9865,84162
3490,88166,88866
3491,21446,21446
3492,61395,61395
3493,4475,4475
3494,50580,50580
3495,17635,17635
3496,30693,30693
3497,27341,27341
3498,70284,70284
3499,73895,73895
3500,82538,82538
3501,96472,46360
3502,23027,23027
3503,82599,34366
3504,33566,33566
3505,49774,49774
3506,64495,64495
3507,58091,58091
3508,62519,62519
3509,9428,9428
3510,32966,32966
3511,38925,38925
3512,84555,84555
3513,29407,29407
3514,89831,89831
3515,78938,78938
3516,43236,43236
3517,43265,43265
3518,36858,28757
3519,61175,61175
3520,1856,1856
3521,44780,44780
3522,25233,25233
3523,40678,40778
3524,56067,56067
3525,27004,54671
3526,62766,62766
3527,98669,98669
3528,50815,50815
3529,82817,82817
3530,38622,38622
3531,79855,79855
3532,93617,93617
3533,25648,25648
3534,3428,63920
3535,68438,68438
3536,84235,84235
3537,90523,90523
3538,77736,77736
3539,82116,82116
3540,86804,96804
3541,93733,937333
3542,62284,62284
3543,88973,88973
3544,27033,27033
3545,85947,85947
3546,50877,50877
3547,69834,69834
3548,62126,62126
3549,66163,66163
3550,42185,42185
3551,51029,51029
3552,5287,32649
3553,46337,46337
3554,72882,72882
3555,11076,11076
3556,97612,97612
3557,43313,43313
3558,47259,47259
3559,62801,62801
3560,70356,70356
3561,27827,27827
3562,35650,35650
3563,40944,40944
3564,98369,60775
3565,41101,41101
3566,59404,59404
3567,64264,64264
3568,39965,28595
3569,84563,7935
3570,32426,32426
3571,52602,52602
3572,78959,78959
3573,87561,80230
3574,40138,40138
3575,79247,79247
3576,77489,77489
3577,47836,47836
3578,77872,78182
3579,98147,98147
3580,54048,54048
3581,57648,57648
3582,89711,89711
3583,86751,86751
3584,27940,27940
3585,45932,4593
3586,47664,47664
3587,28079,28079
3588,8041,8041
3589,70388,70388
3590,11238,11238
3591,98369,98369
3592,5928,5928
3593,32898,32898
3594,68128,68128
3595,56190,56190
3596,52671,52671
3597,4709,4709
3598,10770,10770
3599,87361,87361
3600,17921,17921
3601,247,2472
3602,71480,55612
3603,1789,1789
3604,48864,48864
3605,49339,49339
3606,34859,34859
3607,76103,76103
3608,22116,22114
3609,87809,87809
3610,93384,93384
3611,70738,70738
3612,61785,61785
3613,19345,19345
3614,76841,76841
3615,70323,70323
3616,79128,79128
3617,22611,22611
3618,13971,49717
3619,64402,95216
3620,6455,6455
3621,67711,67711
3622,41286,41286
3623,22498,22498
3624,30122,30122
3625,97396,97396
3626,53102,53102
3627,27012,24149
3628,39368,39768
3629,8952,8952
3630,57816,57816
3631,21778,21778
3632,39762,39762
3633,17138,17138
3634,8290,8290
3635,23068,23068
3636,50700,50700
3637,61004,61004
3638,20929,20929
3639,9231,9231
3640,23832,23832
3641,50001,50001
3642,12595,10970
3643,5939,5939
3644,89702,89702
3645,86519,86519
3646,3570,3570
3647,6008,6008
3648,49736,49736
3649,45363,1064
3650,40453,40453
3651,5759,5759
3652,73500,73500
3653,87776,87776
3654,4812,4812
3655,55169,55169
3656,24177,24177
3657,46309,46309
3658,20125,20125
3659,70152,70152
3660,23780,23780
3661,62734,62734
3662,9086,9086
3663,99597,99597
3664,51073,84301
3665,44388,44388
3666,89769,89769
3667,54410,54410
3668,70519,70519
3669,45129,45129
3670,2061,2061
3671,76285,76285
3672,49391,49391
3673,16019,16019
3674,69115,69115
3675,24078,24078
3676,76452,76452
3677,34499,34499
3678,32647,32647
3679,52256,52256
3680,64856,64864
3681,32079,66573
3682,48868,48868
3683,24478,24478
3684,6932,6932
3685,58499,58499
3686,82818,82818
3687,92649,92649
3688,89273,89267
3689,18191,18191
3690,98026,98026
3691,69908,69908
3692,58524,58524
3693,99088,99088
3694,57423,57423
3695,4880,4880
3696,87776,87774
3697,51887,51887
3698,29934,29934
3699,67952,67952
3700,39636,39636
3701,47738,58884
3702,58837,58837
3703,46097,46097
3704,68514,68514
3705,75010,75010
3706,41279,41279
3707,21818,21818
3708,96762,96762
3709,67213,67213
3710,76380,76380
3711,75851,75851
3712,92870,92870
3713,80976,80976
3714,8634,8634
3715,56339,56339
3716,30359,10181
3717,90297,90297
3718,670,670
3719,67615,67615
3720,25154,25154
3721,78911,78911
3722,71024,71024
3723,25492,25492
3724,85093,85093
3725,43162,43162
3726,60987,60987
3727,33836,33836
3728,8554,8554
3729,44442,44442
3730,99248,99248
3731,45050,45050
3732,16791,16791
3733,41536,41536
3734,64970,64990
3735,79149,79149
3736,50546,39020
3737,7559,7559
3738,90687,90687
3739,24598,25498
3740,96023,96023
3741,35795,35795
3742,77523,77523
3743,7716,7716
3744,70966,70966
3745,41601,41601
3746,70120,70120
3747,3410,3410
3748,31020,31020
3749,74311,74311
3750,31213,31213
3751,77496,77496
3752,31016,31016
3753,1098,1098
3754,76163,76163
3755,72104,72104
3756,3724,3724
3757,37365,37365
3758,54013,54013
3759,31927,31927
3760,82599,82597
3761,97139,97139
3762,87921,87921
3763,27222,27222
3764,71215,71215
3765,70960,70960
3766,98784,98784
3767,61483,61483
3768,30446,30446
3769,44183,44183
3770,49352,49352
3771,22358,22358
3772,69064,79637
3773,28440,28440
3774,43672,43672
3775,83104,83104
3776,85623,85623
3777,93963,93963
3778,95248,95248
3779,93292,93292
3780,18179,58179
3781,66898,66898
3782,69605,69605
3783,22683,22683
3784,79715,79715
3785,68550,68550
3786,89418,75920
3787,38994,38994
3788,49005,49005
3789,65319,65319
3790,76097,76097
3791,46358,46358
3792,35005,35005
3793,89374,89374
3794,62263,62263
3795,73267,73267
3796,83939,83939
3797,21530,21530
3798,46854,46854
3799,76939,76939
3800,90195,90195
3801,8466,8466
3802,74187,74187
3803,23031,23031
3804,53403,27506
3805,56619,56619
3806,30299,37392
3807,39699,39699
3808,4755,4755
3809,4118,4118
3810,81702,81702
3811,40284,40284
3812,59166,59166
3813,86222,86222
3814,46010,46010
3815,26833,26833
3816,11135,11135
3817,2630,2630
3818,28903,28903
3819,65767,65777
3820,67029,67029
3821,54144,54144
3822,91648,91648
3823,71293,71293
3824,3347,3347
3825,63066,63066
3826,66774,66774
3827,75288,70288
3828,17815,17815
3829,63212,63212
3830,67546,67546
3831,80647,80647
3832,64361,64361
3833,68221,68221
3834,72227,72227
3835,61993,61993
3836,31249,31249
3837,73529,13004
3838,17755,17755
3839,20602,26602
3840,25189,25189
3841,20917,20917
3842,87961,87961
3843,26976,26976
3844,32616,32289
3845,98764,98764
3846,48994,48994
3847,73355,73355
3848,21580,21850
3849,35998,35998
3850,98057,98057
3851,27378,27378
3852,72024,72024
3853,86467,86467
3854,22853,22853
3855,97357,97357
3856,3949,25147
3857,84700,84700
3858,12205,12202
3859,67680,6768
3860,27218,27218
3861,32916,32916
3862,40093,40093
3863,39966,39966
3864,65983,65983
3865,51717,51717
3866,71133,71133
3867,47085,47085
3868,35539,35539
3869,57471,57471
3870,32009,32009
3871,3071,3071
3872,34810,34810
3873,60631,60631
3874,52487,52487
3875,85380,85380
3876,5574,5574
3877,91626,91626
3878,24965,24965
3879,16750,16750
3880,33259,33259
3881,63984,63984
3882,28371,28371
3883,65837,65837
3884,40403,40403
3885,27628,37711
3886,65056,65056
3887,19617,19617
3888,55547,55547
3889,80511,6851
3890,23867,23865
3891,70095,70095
3892,33223,33223
3893,51556,51565
3894,35305,35305
3895,26719,26719
3896,77362,77362
3897,70827,4239
3898,5243,5243
3899,91752,91752
3900,80834,80834
3901,85430,88640
3902,85412,31310
3903,23165,23165
3904,31715,31715
3905,52909,52909
3906,60174,60174
3907,72839,72839
3908,70063,70063
3909,36471,36471
3910,47786,47786
3911,64307,64307
3912,79068,79068
3913,65905,65905
3914,13548,13548
3915,53747,53747
3916,11233,11233
3917,75244,75244
3918,35626,35626
3919,53784,53784
3920,39495,39490
3921,56635,56635
3922,3439,3439
3923,64764,64764
3924,17062,17062
3925,86870,86870
3926,64188,64188
3927,40187,40187
3928,98697,98697
3929,71502,71502
3930,95616,95616
3931,5342,5342
3932,43094,43094
3933,72939,72939
3934,532,532
3935,64207,97475
3936,36078,36078
3937,75077,75077
3938,88213,88213
3939,99877,99877
3940,74375,74375
3941,86013,86013
3942,13689,13689
3943,9674,9674
3944,70938,70938
3945,96010,96010
3946,52714,52525
3947,29631,29631
3948,96512,96512
3949,11149,11149
3950,770,770
3951,6426,6426
3952,79863,79863
3953,39911,39911
3954,99451,99451
3955,84855,84855
3956,35918,787457
3957,17922,17922
3958,32722,32722
3959,88139,88139
3960,14432,14432
3961,48920,48920
3962,83543,83543
3963,51759,51759
3964,39490,45281
3965,7979,83984
3966,85912,85912
3967,79852,79852
3968,42690,42690
3969,37094,37094
3970,56184,56184
3971,43776,43776
3972,77439,77439
3973,43879,43879
3974,25575,12692
3975,42817,42817
3976,59499,59499
3977,5883,5883
3978,40779,40779
3979,44287,44287
3980,23832,23832
3981,54706,97139
3982,73468,73468
3983,81938,81938
3984,1935,92066
3985,18359,53940
3986,68226,68226
3987,21439,21439
3988,836,836
3989,90344,90344
3990,72732,72732
3991,50946,9090
3992,67176,67176
3993,99208,99208
3994,66082,66082
3995,88342,88342
3996,71691,71691
3997,69159,69159
3998,91073,91073
3999,3818,3818
4000,24194,24194
4001,54365,54365
4002,7338,7338
4003,50367,50367
4004,35826,89348
4005,62169,62169
4006,99923,99923
4007,15923,15923
4008,36528,36528
4009,80108,80108
4010,2249,2249
4011,26826,26826
4012,2956,2956
4013,66253,66253
4014,74443,74443
4015,73360,73360
4016,11673,11673
4017,97016,97016
4018,10002,10002
4019,58379,58379
4020,12075,12075
4021,54754,54754
4022,60015,60015
4023,66073,66073
4024,31401,31401
4025,17555,14084
4026,15341,15341
4027,47595,47595
4028,39763,39763
4029,60895,60895
4030,7968,7968
4031,19988,19988
4032,84915,84915
4033,52044,52044
4034,43159,43159
4035,73407,73407
4036,31565,31565
4037,61534,61534
4038,75072,75072
4039,49005,49005
4040,43470,43470
4041,27269,27269
4042,99737,99737
4043,26154,26154
4044,15592,15592
4045,95337,8329
4046,30087,30087
4047,13267,13267
4048,98513,98513
4049,42161,42161
4050,81832,81832
4051,25758,25758
4052,14750,14750
4053,26320,26320
4054,23768,23768
4055,35944,35944
4056,27530,27530
4057,47974,47974
4058,65101,65101
4059,48249,48249
4060,67892,67892
4061,63960,63960
4062,94450,94430
4063,53614,53614
4064,88445,88445
4065,72138,72138
4066,99417,99417
4067,59982,59982
4068,16136,16136
4069,57607,57607
4070,64542,51386
4071,97186,97186
4072,63236,63236
4073,86264,86264
4074,86364,86364
4075,22145,22145
4076,68346,68346
4077,14675,14675
4078,80798,80798
4079,33072,33072
4080,38609,38609
4081,72620,72620
4082,59578,59578
4083,21045,21045
4084,90434,90434
4085,21960,21960
4086,37376,37376
4087,9133,9133
4088,37388,37388
4089,71725,71325
4090,53256,63821
4091,50863,52709
4092,11647,11647
4093,60841,60841
4094,74400,74400
4095,7716,7716
4096,20790,20790
4097,34306,34306
4098,94274,94274
4099,56072,56072
4100,28165,28165
4101,53789,53789
4102,32647,32647
4103,79621,79621
4104,37427,37427
4105,18143,18143
4106,60173,60173
4107,44591,44591
4108,41928,41928
4109,26231,26231
4110,64818,64818
4111,23777,23777
4112,54537,54537
4113,73903,73903
4114,5781,5781
4115,97449,97449
4116,70262,94888
4117,44821,44821
4118,52398,52398
4119,61347,61247
4120,76752,76752
4121,69491,69491
4122,80253,80253
4123,95401,95401
4124,80351,46480
4125,21748,21748
4126,73726,73726
4127,48692,48692
4128,38665,38665
4129,11187,11187
4130,75737,75737
4131,95572,95572
4132,64220,64220
4133,80949,80949
4134,43773,43773
4135,10847,10847
4136,27104,27104
4137,34790,34790
4138,57992,57992
4139,98531,98531
4140,44801,85496
4141,66896,66896
4142,80705,80705
4143,72638,72638
4144,84997,84997
4145,42080,42080
4146,6165,4165
4147,97467,97467
4148,17933,83438
4149,34321,34321
4150,46752,46752
4151,38096,38096
4152,73476,73476
4153,13860,13860
4154,53905,53905
4155,83510,83510
4156,76314,76314
4157,84333,84333
4158,68127,68127
4159,97156,97156
4160,49090,49090
4161,37517,37517
4162,32292,32292
4163,239,239
4164,28535,28535
4165,56066,56066
4166,65777,65777
4167,38056,38056
4168,19818,19818
4169,41623,41623
4170,40589,40589
4171,32249,32243
4172,74674,77747
4173,51759,51795
4174,62763,62763
4175,47434,47434
4176,75554,75554
4177,95794,95794
4178,72866,72866
4179,58068,58068
4180,50991,50991
4181,25221,25221
4182,40556,40556
4183,46878,46878
4184,68616,6101
4185,63315,63315
4186,70213,70213
4187,67052,67052
4188,52704,52704
4189,65814,65814
4190,28438,28438
4191,47567,47567
4192,4184,4184
4193,5049,5049
4194,47400,11038
4195,69016,28553
4196,44055,44055
4197,6097,6097
4198,79303,79303
4199,59623,59623
4200,11630,11630
4201,30101,73515
4202,75957,75957
4203,71107,71107
4204,10860,10860
4205,64537,64537
4206,79262,79262
4207,91881,91881
4208,58607,58607
4209,58610,58610
4210,266,266
4211,584,584
4212,61826,61826
4213,74646,74646
4214,25393,25393
4215,70346,70346
4216,88883,50505
4217,8436,78866
4218,16421,16421
4219,19894,19894
4220,62029,89783
4221,46917,46917
4222,15085,15085
4223,78443,78443
4224,19949,19949
4225,53197,53197
4226,40948,40948
4227,77104,77104
4228,84736,84736
4229,25225,25225
4230,42503,42503
4231,31495,31495
4232,56882,56882
4233,80385,80355
4234,90804,90804
4235,65479,65479
4236,96244,96244
4237,8408,8408
4238,85166,70979
4239,63317,63317
4240,47794,47794
4241,64355,64355
4242,14575,14575
4243,57063,57063
4244,73991,73991
4245,62319,62319
4246,20664,20664
4247,21399,21399
4248,69230,69230
4249,21870,21870
4250,73903,30606
4251,1309,1309
4252,57607,57607
4253,14934,14934
4254,95667,95667
4255,52081,52081
4256,79943,79943
4257,56193,65322
4258,54977,54977
4259,89630,89630
4260,78206,78206
4261,20733,20733
4262,78260,78260
4263,34361,98706
4264,40068,40068
4265,70589,70589
4266,7485,7485
4267,12568,12568
4268,86757,86757
4269,96933,96933
4270,51706,51706
4271,79079,79079
4272,6148,6148
4273,15861,15861
4274,71926,71926
4275,25035,25035
4276,33869,33869
4277,99342,99342
4278,83098,84898
4279,28552,28552
4280,77361,77361
4281,77275,77275
4282,2752,68812
4283,74357,74357
4284,29198,89205
4285,47666,47666
4286,91476,91476
4287,9765,96265
4288,73443,73443
4289,23160,23160
4290,24892,24892
4291,38899,38899
4292,40923,40923
4293,2392,2392
4294,78148,80433
4295,3117,3117
4296,53828,53828
4297,77119,77119
4298,18629,18629
4299,57516,57516
4300,9187,9187
4301,62285,62285
4302,42507,42507
4303,29308,29308
4304,29440,29440
4305,88883,8867
4306,48629,48629
4307,99742,99742
4308,62358,62358
4309,47192,47102
4310,41276,41276
4311,38961,38961
4312,66774,66774
4313,5030,5030
4314,51336,51336
4315,56946,56940
4316,70222,70222
4317,88203,88203
4318,9838,9838
4319,24344,24344
4320,92436,94436
4321,86515,86515
4322,76744,76744
4323,84563,84563
4324,29532,29532
4325,86539,86539
4326,72670,11958
4327,33667,33667
4328,73799,54413
4329,42405,42405
4330,11310,11310
4331,91043,91043
4332,27485,27485
4333,10704,10704
4334,14897,14897
4335,85296,85296
4336,24245,24245
4337,82624,82624
4338,22965,22965
4339,62850,62850
4340,26248,26248
4341,53069,53069
4342,12744,12744
4343,46426,46426
4344,75927,75927
4345,26454,17983
4346,5110,5110
4347,37690,37690
4348,38399,3839
4349,35344,35344
4350,24965,24965
4351,94201,94201
4352,38732,38732
4353,5064,5064
4354,94272,45288
4355,60457,60457
4356,71462,71462
4357,86031,86031
4358,17167,17167
4359,32347,32347
4360,91832,91832
4361,91419,91419
4362,87221,87221
4363,48294,48294
4364,51875,92630
4365,20971,20971
4366,19910,19910
4367,59175,59175
4368,13775,13775
4369,1238,1238
4370,96075,96075
4371,68776,68776
4372,40361,45361
4373,14035,14035
4374,82884,82884
4375,38126,38126
4376,18267,18267
4377,54444,80841
4378,3594,3594
4379,18865,18865
4380,23470,23470
4381,76339,76339
4382,5712,5712
4383,59691,59691
4384,1426,1426
4385,58310,71716
4386,17929,17929
4387,52598,52598
4388,81408,81408
4389,82994,82994
4390,243,243
4391,99800,99800
4392,13050,13050
4393,7846,7846
4394,53871,53871
4395,13226,13226
4396,17070,17070
4397,18997,18997
4398,17854,17854
4399,87256,87256
4400,95219,95219
4401,7108,7108
4402,52326,52326
4403,39222,39222
4404,28444,28444
4405,52867,52867
4406,23178,23178
4407,28333,28333
4408,37517,37517
4409,77081,77081
4410,49764,49764
4411,9586,31129
4412,64684,64684
4413,4701,4701
4414,75505,75505
4415,57633,22124
4416,4932,4932
4417,35397,35397
4418,419,419
4419,96421,96421
4420,82688,82688
4421,3157,3157
4422,85517,85517
4423,52639,52639
4424,78806,78806
4425,94261,94261
4426,54292,54292
4427,56510,56510
4428,27035,27035
4429,66819,66819
4430,88617,88617
4431,99003,99003
4432,63027,63027
4433,99985,99985
4434,9167,45571
4435,43680,43680
4436,51141,51141
4437,98099,98099
4438,98293,98293
4439,9065,9065
4440,31199,31199
4441,28074,28074
4442,22764,13842
4443,156,156
4444,21586,21586
4445,13374,13374
4446,67365,67365
4447,6504,6504
4448,48972,48972
4449,31934,31934
4450,80253,80253
4451,51469,51469
4452,30979,30979
4453,38899,38899
4454,92171,92171
4455,2234,2234
4456,90823,90823
4457,69855,69855
4458,44389,44389
4459,72990,72990
4460,47795,47795
4461,99284,99284
4462,71853,71853
4463,38515,57375
4464,99446,99446
4465,24013,24013
4466,64832,64832
4467,22351,22351
4468,9909,9909
4469,19105,97106
4470,85361,85361
4471,90915,90915
4472,17804,12549
4473,46956,46956
4474,66181,66181
4475,15162,15162
4476,31067,31067
4477,1541,1541
4478,29124,29124
4479,17129,17129
4480,95774,95774
4481,85791,85791
4482,42637,42637
4483,34455,34455
4484,54859,8968
4485,44706,54469
4486,44399,44395
4487,99703,9948
4488,66319,66319
4489,74393,74393
4490,94551,15190
4491,14584,14548
4492,34365,34365
4493,69115,69115
4494,50779,50779
4495,45858,45858
4496,16522,16522
4497,5181,5181
4498,81689,81689
4499,18139,18139
4500,62615,62615
4501,6817,6817
4502,33250,21781
4503,91021,91021
4504,48254,48254
4505,25763,25763
4506,91624,91624
4507,65045,65045
4508,59514,59514
4509,68564,36412
4510,71006,71006
4511,92911,92911
4512,72738,72738
4513,86524,86524
4514,87665,87665
4515,75260,75260
4516,60828,60828
4517,47012,47012
4518,80143,80913
4519,54784,54784
4520,166,166
4521,54706,54706
4522,5868,5868
4523,29308,2938
4524,54478,54478
4525,61125,61125
4526,18983,18983
4527,57761,57761
4528,82030,82030
4529,88823,88823
4530,79132,55800
4531,14570,14570
4532,81218,81218
4533,80342,80342
4534,71489,71489
4535,4814,4814
4536,61347,65050
4537,45950,45950
4538,63936,63936
4539,54743,54743
4540,73369,73369
4541,76239,76239
4542,66338,66334
4543,78759,78759
4544,69882,69882
4545,7234,51772
4546,33464,33464
4547,1733,1733
4548,81397,36304
4549,74305,74305
4550,35070,35070
4551,82634,82634
4552,36004,36004
4553,38872,38872
4554,18643,18643
4555,55304,55304
4556,57549,57549
4557,90940,90940
4558,21671,21671
4559,6,62
4560,14271,14271
4561,69875,69875
4562,29605,29605
4563,49215,49215
4564,31639,31639
4565,59880,59880
4566,83348,83348
4567,50889,50889
4568,44674,44674
4569,33283,33283
4570,30494,30494
4571,55545,55545
4572,23399,23399
4573,18180,18180
4574,13247,13247
4575,95631,95631
4576,34438,34438
4577,92507,92507
4578,10194,10194
4579,94272,94272
4580,17476,17476
4581,55612,55612
4582,17657,17657
4583,58971,42777
4584,23238,23238
4585,90779,90779
4586,64722,64722
4587,15238,15238
4588,63862,25609
4589,81979,81979
4590,71550,71550
4591,47384,2983
4592,53476,53476
4593,56116,56116
4594,90107,90107
4595,42209,42806
4596,44441,44441
4597,59461,55627
4598,39640,39640
4599,22558,22558
4600,61819,61819
4601,64305,64305
4602,59248,59248
4603,63549,63549
4604,75505,84485
4605,7424,7424
4606,3011,3011
4607,51823,51823
4608,41185,41185
4609,7824,7824
4610,46848,46848
4611,44591,44591
4612,66437,66437
4613,85446,85446
4614,27319,27319
4615,29719,29719
4616,4692,4692
4617,32684,32684
4618,85994,85994
4619,79928,79928
4620,24287,24287
4621,14418,14418
4622,95320,95320
4623,23578,23578
4624,71224,71224
4625,50958,50958
4626,3498,3498
4627,10926,10926
4628,22472,22472
4629,14636,14636
4630,55369,17216
4631,30396,30396
4632,67866,67866
4633,77815,77815
4634,14587,14587
4635,53471,53471
4636,30189,67441
4637,47979,47979
4638,57638,77638
4639,27078,27078
4640,96232,9632
4641,44647,44647
4642,2488,2488
4643,52502,52502
4644,8290,8290
4645,99454,99454
4646,21356,21356
4647,76843,76843
4648,9876,9876
4649,22875,22875
4650,63311,63311
4651,76178,76178
4652,96762,96762
4653,74811,74811
4654,3347,3347
4655,83716,83796
4656,44961,44916
4657,43869,43969
4658,39097,91904
4659,87680,87680
4660,12672,12672
4661,9976,9976
4662,4180,4180
4663,21677,78732
4664,15341,15341
4665,33891,33891
4666,64755,41415
4667,43685,43685
4668,14108,14108
4669,7250,77815
4670,9200,9200
4671,77606,77166
4672,25,25734
4673,44849,44849
4674,29372,29372
4675,77039,77039
4676,16321,16321
4677,43443,43443
4678,15119,94722
4679,76572,76572
4680,53256,53256
4681,91543,91543
4682,50204,50204
4683,78769,78769
4684,92,92
4685,77,77
4686,80537,80537
4687,93802,93802
4688,16512,16512
4689,4034,4034
4690,92327,92327
4691,737,7379
4692,83711,83711
4693,78881,78881
4694,42584,42584
4695,19381,19381
4696,79128,79128
4697,31695,31695
4698,83102,83102
4699,89497,89497
4700,51759,95731
4701,81038,81038
4702,98295,70718
4703,94353,94335
4704,90843,41179
4705,96965,96965
4706,99188,99188
4707,50311,50311
4708,93606,93606
4709,60414,60414
4710,79320,79320
4711,89667,89667
4712,5883,5883
4713,11872,11872
4714,28832,28832
4715,95810,95810
4716,32834,32834
4717,21337,85960
4718,95555,95555
4719,86779,86779
4720,56327,197
4721,79787,79787
4722,71462,71462
4723,20951,20951
4724,69328,69328
4725,70034,70034
4726,42124,70694
4727,3592,3592
4728,50313,50313
4729,55910,55910
4730,15571,15571
4731,29893,29893
4732,4345,4345
4733,61483,61483
4734,75407,75407
4735,93137,93137
4736,25035,25035
4737,46130,461306
4738,33233,33233
4739,6576,6576
4740,30728,30728
4741,9781,9781
4742,57497,57497
4743,59816,59816
4744,72261,72261
4745,83251,83251
4746,26669,26669
4747,88307,88307
4748,77251,77251
4749,32686,32686
4750,89529,89529
4751,90817,90817
4752,29873,29873
4753,86233,86233
4754,97348,97348
4755,6485,6485
4756,66934,66934
4757,97053,97053
4758,26950,96392
4759,41905,41905
4760,0,03439
4761,17919,17919
4762,95938,95938
4763,74825,22587
4764,72486,72486
4765,96615,96615
4766,99885,99835
4767,7100,7100
4768,3161,3161
4769,78248,78248
4770,4231,4232
4771,41471,41471
4772,61869,61869
4773,79073,79073
4774,91869,91869
4775,91007,91007
4776,48009,48009
4777,3073,3073
4778,89045,89045
4779,61844,61844
4780,27825,27825
4781,77999,77999
4782,30235,30235
4783,65985,65985
4784,8461,8461
4785,38262,38262
4786,55090,55090
4787,67152,67152
4788,18716,18716
4789,70463,70463
4790,58015,58015
4791,74175,74175
4792,13667,13667
4793,9329,9329
4794,54331,54333
4795,46076,46076
4796,1281,1281
4797,71141,71141
4798,61551,61551
4799,27538,7812
4800,5251,5251
4801,91211,91211
4802,58087,58087
4803,66162,66162
4804,55247,55247
4805,35884,35884
4806,88371,88371
4807,24598,24598
4808,22237,22237
4809,63719,63719
4810,62176,62176
4811,11349,11349
4812,56379,56379
4813,39037,39037
4814,71088,71088
4815,3623,62324
4816,22502,22502
4817,34365,34365
4818,7969,7969
4819,40483,40483
4820,27140,60543
4821,10543,29236
4822,49802,49802
4823,48709,48709
4824,88537,88537
4825,22158,22158
4826,44408,44448
4827,76989,76989
4828,85829,85829
4829,33464,33464
4830,9474,9474
4831,35253,35253
4832,97645,97645
4833,57943,57943
4834,85283,85283
4835,79757,79757
4836,14511,14511
4837,1381,63065
4838,60254,60245
4839,29772,29772
4840,99011,99011
4841,39751,39751
4842,63971,63971
4843,3153,3153
4844,95668,95668
4845,65762,65762
4846,52605,52605
4847,12638,12638
4848,67233,9153
4849,23982,39041
4850,53117,53117
4851,9507,9507
4852,58020,78505
4853,23942,23942
4854,41704,41704
4855,35052,35052
4856,61267,61267
4857,64048,64048
4858,33197,33197
4859,98440,98440
4860,29476,29476
4861,87359,87359
4862,27997,27997
4863,31258,31258
4864,17111,17111
4865,71504,71504
4866,8429,8429
4867,20736,20736
4868,6661,6661
4869,88496,88496
4870,16499,16499
4871,34947,34947
4872,53647,53647
4873,93511,93511
4874,29678,29678
4875,55967,55967
4876,29104,29104
4877,37170,37170
4878,67289,13033
4879,91881,91881
4880,63244,64244
4881,73308,73308
4882,70742,70742
4883,60871,60871
4884,4168,4168
4885,30046,30046
4886,22469,22469
4887,46718,46718
4888,58265,58265
4889,93511,93511
4890,95543,95543
4891,44081,44081
4892,24970,24970
4893,76399,76399
4894,722,722
4895,20882,20882
4896,28208,28208
4897,86798,86798
4898,99906,99906
4899,26698,26598
4900,98312,98312
4901,42748,42748
4902,34002,34002
4903,8964,89647
4904,6625,6625
4905,65500,65500
4906,73662,73662
4907,69061,69202
4908,69536,69536
4909,6759,6759
4910,22614,34347
4911,97296,97296
4912,7804,7804
4913,44196,44196
4914,25061,25061
4915,91193,91193
4916,37072,37072
4917,13187,13187
4918,30028,30028
4919,26046,26046
4920,25320,25320
4921,8063,8063
4922,34037,34037
4923,34859,34859
4924,1303,1303
4925,22132,22132
4926,29111,29111
4927,36147,57336
4928,68717,68717
4929,52808,52808
4930,95900,95900
4931,83348,83348
4932,10640,10640
4933,46419,46419
4934,26948,26948
4935,87428,87428
4936,11208,11208
4937,17509,20713
4938,89969,89969
4939,40361,40361
4940,97446,59000
4941,75698,75698
4942,72073,72073
4943,10445,10445
4944,71352,71352
4945,76715,76715
4946,19098,31868
4947,11027,11027
4948,88594,88594
4949,24813,24813
4950,68728,68728
4951,2956,2956
4952,24520,24520
4953,60414,60414
4954,67742,78395
4955,76744,76744
4956,81894,81894
4957,49613,49613
4958,43768,43769
4959,51039,51039
4960,3561,3561
4961,40952,40952
4962,6582,78682
4963,92612,92612
4964,34127,34127
4965,70476,70476
4966,62763,62763
4967,52585,81010
4968,51331,51331
4969,12661,12661
4970,3424,3424
4971,79571,79571
4972,33345,33345
4973,57475,57475
4974,86726,86726
4975,32341,32341
4976,99280,99280
4977,95697,95697
4978,95092,95092
4979,36420,36420
4980,4260,4260
4981,73176,73176
4982,11706,11706
4983,84333,84333
4984,84675,84675
4985,26762,26762
4986,31497,31497
4987,9108,9108
4988,19253,19253
4989,86953,86955
4990,17390,17390
4991,95893,95893
4992,11997,11997
4993,85021,85021
4994,79885,79885
4995,67197,67197
4996,78806,78806
4997,95835,95835
4998,73696,73696
4999,10870,10870
